<?xml version="1.0" encoding="utf-8" standalone="yes"?>
<rss version="2.0" xmlns:atom="http://www.w3.org/2005/Atom">
  <channel>
    <title>ถ่ายลำ/ผ่านแดน on Knowledge Center</title>
    <link>https://ecs-support.github.io/knowledge-center/customs-clearance/docs/transit/</link>
    <description>Recent content in ถ่ายลำ/ผ่านแดน on Knowledge Center</description>
    <generator>Hugo -- gohugo.io</generator>
    
	<atom:link href="https://ecs-support.github.io/knowledge-center/customs-clearance/docs/transit/index.xml" rel="self" type="application/rss+xml" />
    
    
    <item>
      <title>บทความทางวิชาการ &#34;การผ่านแดนตามพระราชบัญญัติศุลกากร พ.ศ. 2560&#34;</title>
      <link>https://ecs-support.github.io/knowledge-center/customs-clearance/docs/transit/aticles_transit_01/</link>
      <pubDate>Mon, 01 Jan 0001 00:00:00 +0000</pubDate>
      
      <guid>https://ecs-support.github.io/knowledge-center/customs-clearance/docs/transit/aticles_transit_01/</guid>
      <description> บทความทางวิชาการเรื่อง &amp;ldquo;การผ่านแดนตามพระราชบัญญัติศุลกากร พ.ศ. 2560&amp;rdquo; </description>
    </item>
    
  </channel>
</rss>