<?xml version="1.0" encoding="utf-8" standalone="yes"?>
<rss version="2.0" xmlns:atom="http://www.w3.org/2005/Atom">
  <channel>
    <title>Functions on Knowledge Center</title>
    <link>https://ecs-support.github.io/knowledge-center/customs-clearance/functions/</link>
    <description>Recent content in Functions on Knowledge Center</description>
    <generator>Hugo -- gohugo.io</generator>
    
	<atom:link href="https://ecs-support.github.io/knowledge-center/customs-clearance/functions/index.xml" rel="self" type="application/rss+xml" />
    
    
    <item>
      <title>มาตรการปกป้องและตอบโต้ทางการค้า</title>
      <link>https://ecs-support.github.io/knowledge-center/customs-clearance/functions/anti-dumping-cunrervailing/</link>
      <pubDate>Mon, 01 Jan 0001 00:00:00 +0000</pubDate>
      
      <guid>https://ecs-support.github.io/knowledge-center/customs-clearance/functions/anti-dumping-cunrervailing/</guid>
      <description>มาตรการปกป้องและตอบโต้ทางการค้า เอกสารที่เกี่ยวข้อง
 พระราชบัญญัติการตอบโต้การทุ่มตลาดและการอุดหนุนซึ่งสินค้าจากต่างประเทศ ฉบับรวบรวม ซึ่งมีผลบังคับใช้ในวันที่ 18 พ.ย. 2562 คู่มือสนทนาตอบโต้การทุ่มตลาด  สรุปสถานะมาตรการ AD/CVD/SG
 สินค้าที่ไทยใช้มาตราการ AD/CVD สินค้าที่ไทยใช้มาตราการ SG สินค้าที่ไทยถูกใช้มาตรการ AD/CVD/SG  รายละเอียดมาตรการ Anti-dumping : ADมาตรการตอบโต้การทุ่มตลาด (Anti-dumping) มาตรการตอบโต้การทุ่มตลาด (Anti-dumping: AD) เป็นมาตรการทางการค้าที่ประเทศผู้นำเข้าใช้เพื่อปกป้องอุตสาหกรรมภายในที่ได้รับความเสียหาย หรือมีแนวโน้มที่จะได้รับความเสียหายจากการทุ่มตลาดอันเกิดจากการนำเข้าสินค้าจากต่างประเทศที่ไม่เป็นธรรม
การทุ่มตลาด (Dumping) คืออะไร
การทุ่มตลาด คือ การส่งออกสินค้าจากประเทศหนึ่งไปยังอีกประเทศหนึ่งเพื่อประโยชน์ในทางพาณิชย์ โดยที่ราคาส่งออกนั้นต่ำกว่ามูลค่าปกติของสินค้าชนิดเดียวกันที่จำหน่ายเพื่อการบริโภคภายในประเทศผู้ส่งออก / ผู้ผลิตเอง
ราคาส่งออก (Export Price) คือ ราคาสินค้าที่ผู้ส่งออกขายให้แก่ผู้นำเข้า หรือตัวแทนจำหน่ายในต่างประเทศ ซึ่งไม่มีความสัมพันธ์กัน โดยราคานั้นต้องเป็นราคาที่ขายให้แก่ผู้ซื้ออิสระทอดแรก (First Independent Buyer)
มูลค่าปกติ (Normal Value) คือ
 ราคาของสินค้าชนิดเดียวกันที่ขายในประเทศผู้ส่งออก / ผู้ผลิต หรือ ราคาส่งออกไปยังประเทศที่สาม (Third Countries) หรือ ราคาที่คำนวณจากต้นทุนการผลิต + ค่าใช้จ่ายอื่นๆ + กำไรที่เหมาะสม  ความเสียหายคืออะไร</description>
    </item>
    
  </channel>
</rss>