<?xml version="1.0" encoding="utf-8" standalone="yes"?>
<rss version="2.0" xmlns:atom="http://www.w3.org/2005/Atom">
  <channel>
    <title>การส่งออกสินค้า on Knowledge Center</title>
    <link>https://ecs-support.github.io/knowledge-center/customs-clearance/docs/export/</link>
    <description>Recent content in การส่งออกสินค้า on Knowledge Center</description>
    <generator>Hugo -- gohugo.io</generator>
    
	<atom:link href="https://ecs-support.github.io/knowledge-center/customs-clearance/docs/export/index.xml" rel="self" type="application/rss+xml" />
    
    
    <item>
      <title>Re-export</title>
      <link>https://ecs-support.github.io/knowledge-center/customs-clearance/docs/export/re-export/</link>
      <pubDate>Mon, 01 Jan 0001 00:00:00 +0000</pubDate>
      
      <guid>https://ecs-support.github.io/knowledge-center/customs-clearance/docs/export/re-export/</guid>
      <description>การคืนอากรสำหรับของที่นำเข้ามาแล้วส่งกลับออกไป (Re-export) ของที่นำเข้ามาในราชอาณาจักรและเสียอากรแล้ว หากส่งกลับออกไปยังเมืองต่างประเทศหรือส่งกลับไปเป็นของใช้สิ้นเปลืองในเรือ เดินทางไปต่างประเทศ สามารถขอคืนเงินอากรขาเข้าที่ชำระไว้แล้วได้ เก้าในสิบส่วน หรือส่วนที่เกินหนึ่งพันบาทของจำนวนที่เรียกเก็บไว้ โดยคำนวณตามใบขนสินค้าขาออกแต่ละฉบับ โดยมีเงื่อนไขว่า
 ของต้องอยู่ในสภาพเดิมที่นำเข้า ต้องส่งกลับออกไปภายใน 1 ปี นับแต่วันนำเข้า  การปฏิบัติพิธีการในการส่งสินค้าขาออก ของที่ส่งออกต้องอยู่ในสภาพเดิมที่นำเข้า ของที่ส่งออกไปที่สามารถขอคืนอากรได้ต้องอยู่ในสภาพเดิมที่นำเข้ามา ถ้ามีความจำเป็นต้องเปลี่ยนแปลงหีบห่อ หรือภาชนะบรรจุ หรือต้องสำแดงเลขหมายเครื่องหมายใหม่ เจ้าหน้าที่จะพิจารณาคำร้องของผู้ส่งของออก และแจ้งให้หน่วยงานตรวจปล่อย สำนักงานศุลกากรที่นำของเข้า ส่งเจ้าหน้าที่ไปควบคุมการเปลี่ยนแปลงตามความประสงค์ดังกล่าว
การติดตัวอย่างของกับต้นฉบับใบขนสินค้า ของส่งออกรายใดที่สามารถติดตัวอย่างกับต้นฉบับใบขนสินค้าขาออกได้ เช่น ผ้าผืน กระดาษ พลาสติก เป็นต้น ให้ผู้ส่งของออกติดตัวอย่างทุกชนิดตามรายการในบัญชีราคาสินค้าและ/หรือ เอกสารอื่นที่แนบใบขนสินค้าขาออก โดยผู้ส่งของออกต้องรับรองว่าเป็นตัวอย่างจากของที่ส่งออกจริงและให้เจ้า หน้าที่ลงลายมือชื่อกำกับไว้ด้วย
วิธีปฏิบัติ ผู้ส่งของออกจะต้องยื่นคำร้องแสดงเหตุผลในการขอส่งกลับออกไปโดยขอใช้สิทธิ การชำระอากรของ Re-export พร้อมใบขนสินค้าดังนี้
การส่งของกลับออกไปโดยที่ของยังอยู่ในอารักขาของศุลกากร (ยังมิได้นำของออกไปจากศุลกากร) ให้ยื่นใบขนสินค้าขาเข้าและใบขนสินค้าขาออกพร้อมกันต่อหน่วยงานพิธีการของ ท่าที่นำเข้า เพื่อขออนุมัติให้ทำ Re-export ก่อนที่จะให้ หน่วยงานตรวจปล่อยดำเนินการต่อไป การเรียกเก็บอากรขาเข้าแยกเป็น 3 กรณี
 ถ้าผู้ส่งของออกส่งของออกทางท่าเดียวกับที่นำเข้า เช่น นำเข้าทางท่าเรือกรุงเทพและ ส่งออกทางท่าเรือกรุงเทพ ให้ชำระเฉพาะอากรขาเข้าเพียง 1 ใน 10 ส่วน แต่ไม่เกิน 1,000.- บาท ตัวอย่างเช่น
 มูลค่าอากรของ ๆ นั้นเมื่อนำเข้าเท่ากับ 9,500 บาท ก็ชำระอากรเพียง 950 บาท กรณีที่มูลค่าอากรเกินกว่า 10,000.</description>
    </item>
    
  </channel>
</rss>