<?xml version="1.0" encoding="utf-8" standalone="yes"?>
<rss version="2.0" xmlns:atom="http://www.w3.org/2005/Atom">
  <channel>
    <title>สาระน่ารู้ on Knowledge Center</title>
    <link>https://ecs-support.github.io/knowledge-center/customs-clearance/docs/interesting-facts/</link>
    <description>Recent content in สาระน่ารู้ on Knowledge Center</description>
    <generator>Hugo -- gohugo.io</generator>
    
	<atom:link href="https://ecs-support.github.io/knowledge-center/customs-clearance/docs/interesting-facts/index.xml" rel="self" type="application/rss+xml" />
    
    
    <item>
      <title>การนำเข้ายากำพร้า</title>
      <link>https://ecs-support.github.io/knowledge-center/customs-clearance/docs/interesting-facts/orphan-drugs/</link>
      <pubDate>Mon, 01 Jan 0001 00:00:00 +0000</pubDate>
      
      <guid>https://ecs-support.github.io/knowledge-center/customs-clearance/docs/interesting-facts/orphan-drugs/</guid>
      <description>การนำเข้ายากำพร้า ภาพโดย katicaj จาก Pixabay
ยากำพร้าในประเทศไทยหมายถึง ยาที่มีความจำเป็นต้องใช้เพื่อวินิจฉัย บรรเทา บำบัด ป้องกัน หรือรักษาโรคที่พบได้น้อย หรือโรคที่เป็นอันตรายร้ายแรง หรือโรคที่ก่อให้เกิดความทุพพลภาพอย่างต่อเนื่อง หรือยาที่มีอัตราการใช้ต่ำ โดยไม่มียาอื่นมาใช้ทดแทนได้ และมีปัญหาการขาดแคลน
สถานการณ์การขาดแคลนยาจำเป็น หรือ ยากำพร้า ทำให้ ครม. ได้อนุมัติยกเว้นภาษีนำเข้ายาประเภทนี้ เพื่อส่งเสริมให้ผู้ประกอบการจัดหายา และสร้างความมั่นคงให้ระบบยาของประเทศ โดยออก ประกาศกระทรวงการคลัง เรื่อง การลดอัตราอากรและยกเว้นอากรศุลกากร ตามมาตรา 12 แห่งพระราชกำหนดพิกัดอัตราศุลกากร พ.ศ. 2530 (ฉบับที่ 2) [ดาวน์โหลดประกาศ] กำหนดให้เพิ่มข้อความ (51) ในข้อ 3 ของ ประกาศกระทรวงการคลัง เรื่อง การลดอัตราอากรและยกเว้นอากรศุลกากร ตามมาตรา 12 แห่งพระราชกำหนดพิกัดอัตราศุลกากร พ.ศ. 2530 โดยมีใจความว่า ให้ยกเว้นอากรสำหรับผลิตภัณฑ์ยารักษาหรือป้องกันโรคในตอนที่ 30 เฉพาะที่ได้รับการขึ้นทะเบียนตำรับยาจากสำนักงานคณะกรรมการอาหารและยา กระทรวงสาธารณสุข และระบุ (P) ต่อท้ายในเลขทะเบียนตำรับยา เว้นแต่ยากำพร้าที่สามารถผลิตและหาได้ในประเทศไทย 11 รายการ ดังต่อไปนี้ ที่ไม่ได้รับยกเว้นอากร
 เบนซาโทรพีนเมซิเลต Benzatropine mesilate
 ไฮโดรคอร์ทิโซน Hydrocortisone</description>
    </item>
    
    <item>
      <title>พ.ร.บ.ศุลกากร 2560 ปรับตัวอย่างไร?</title>
      <link>https://ecs-support.github.io/knowledge-center/customs-clearance/docs/interesting-facts/thai-customs-act-2560/</link>
      <pubDate>Mon, 01 Jan 0001 00:00:00 +0000</pubDate>
      
      <guid>https://ecs-support.github.io/knowledge-center/customs-clearance/docs/interesting-facts/thai-customs-act-2560/</guid>
      <description>พ.ร.บ.ศุลกากร 2560 ส่งออก-นำเข้า-คลังสินค้า-ชิปปิ้ง ปรับตัวอย่างไร 10 ปีที่ผ่านมา มีผู้ประกอบการจำนวนมาก ทั้งที่เจตนาและไม่เจตนา กระทำความผิดตามพระราชบัญญัติศุลกากร พ.ศ. 2469 จ่ายค่าปรับ 2-4 เท่าของมูลค่าสินค้าหรือค่าภาษีที่ยังจ่ายไม่ครบถ้วนให้กรมศุลกากร คิดเป็นมูลค่า 31,432 ล้านบาท เงินจำนวนนี้นำมาจัดสรรให้ผู้แจ้งเบาะแส (สายสืบ) 3,939 ล้านบาท และจ่ายเป็นเงินรางวัลเจ้าหน้าที่ผู้จับกุม (ศุลกากร, ตำรวจ, ดีเอสไอ) 4,576 ล้านบาท ส่วนที่เหลือนำส่งเป็นรายได้แผ่นดินประมาณ 22,918 ล้านบาท
ต่อมา กลุ่มผู้ประกอบการได้รับความเดือดร้อน ทำหนังสือร้องเรียนผ่านสภาอุตสาหกรรมแห่งประเทศไทยและหอการค้าไทยส่งถึงรัฐบาลนายอภิสิทธิ์ เวชชาชีวะ ขอให้รัฐบาลแก้ไขปรับปรุง พ.ร.บ.ศุลกากร พ.ศ. 2469 แก้ไขระเบียบการจ่ายเงินสินบน-รางวัล เพื่อลดแรงจูงใจเจ้าหน้าที่ศุลกากร รวมทั้งแก้ไขกฎระเบียบที่มีความคลุมเครือ เปิดช่องให้มีการใช้ดุลยพินิจ กระทรวงการคลังใช้เวลายกร่างกฎหมาย 2 ปี เสนอคณะรัฐมนตรีผ่านความเห็นชอบหลักการ แต่ยังไม่ทันได้เสนอที่ประชุมรัฐสภา รัฐบาลนายอภิสิทธิ์ประกาศยุบสภา รัฐบาล น.ส.ยิ่งลักษณ์ ชินวัตร นำร่างกฎหมายดังกล่าวนี้เข้าที่ประชุม ครม. ถึง 3 ครั้ง ยังไม่ทันได้เสนอต่อที่ประชุมรัฐสภา รัฐบาล น.ส.ยิ่งลักษณ์ประกาศยุบสภาอีก
จนกระทั่งมาถึงยุค คสช. รัฐบาล พล.อ. ประยุทธ์ จันทร์โอชา นำร่างกฎหมายฉบับนี้ขึ้นมาปัดฝุ่นอีกครั้ง และผ่านความเห็นชอบจาก ครม. ครั้งแรกวันที่ 21 กรกฎาคม 2558 ส่งให้คณะกรรมการกฤษฎีกาตรวจทานถ้อยคำเสร็จเรียบร้อย ก็ส่งให้ที่ประชุมสภานิติบัญญัติแห่งชาติ (สนช.</description>
    </item>
    
    <item>
      <title>การตรวจปล่อยสินค้าขาออกเพื่อบรรทุกลงเรือเฉพาะเขต</title>
      <link>https://ecs-support.github.io/knowledge-center/customs-clearance/docs/interesting-facts/specific-local-vessel/</link>
      <pubDate>Mon, 01 Jan 0001 00:00:00 +0000</pubDate>
      
      <guid>https://ecs-support.github.io/knowledge-center/customs-clearance/docs/interesting-facts/specific-local-vessel/</guid>
      <description>การตรวจปล่อยสินค้าขาออกในเขตพื้นที่สำนักงานศุลกากรท่าเรือกรุงเทพ(สทก.) เพื่อบรรทุกลงเรือเฉพาะเขต และรับบรรทุกที่สำนักงานศุลกากรท่าเรือแหลมฉบัง (สทบ.) โครงการบรรจุสินค้าในเขตท่าเรือกรุงเทพ เพื่อบรรทุกลงเรือชายฝั่ง (เฉพาะเขต) ไปท่าเรือแหลมฉบัง ช่วยอำนวยความสะดวกให้แก่ผู้ประกอบการ โดยให้ท่าเรือกรุงเทพ เป็นท่าตรวจปล่อยของตู้สินค้าขาออก (Release Port) ซึ่งมีการตรวจสอบน้ำหนักมวลรวมตู้สินค้า (Verified Gross Mass : VGM) และตรวจสอบสถานะการตรวจปล่อยสินค้า (Green/Red Line) ผ่านระบบ e-Matching พร้อมทั้งมีการเอกซเรย์ (X-RAY) ตู้สินค้าจากเจ้าหน้าที่ศุลกากรท่าเรือกรุงเทพ
จึงทำให้สามารถตรวจปล่อยจากสำนักงานศุลกากรท่าเรือกรุงเทพจุดเดียวเบ็ดเสร็จ โดยไม่ต้องผ่านพิธีการศุลกากรที่ท่าเรือแหลมฉบังอีก มีความปลอดภัยสูง ขนส่งสินค้าได้ตามเวลาที่กำหนด และเป็นมิตรกับสิ่งแวดล้อม อีกทั้งช่วยลดระยะเวลารอคอยท่า และลดเวลาปฏิบัติงานลง เนื่องจากมีพื้นที่กองเก็บตู้สินค้าติดท่าเทียบเรือ สามารถบริหารจัดการท่าเทียบเรือได้อย่างมีประสิทธิภาพ ในการรองรับปริมาณตู้สินค้า และเรือชายฝั่งที่มีแนวโน้มเพิ่มมากขึ้น ลดค่าใช้จ่ายในระบบโลจิสติกส์ ลดขั้นตอนเอกสาร สามารถเชื่อมโยงข้อมูลอิเล็กทรอนิกส์แบบจุดเดียวเบ็ดเสร็จ ในส่วนของการบรรจุสินค้าท่าเรือกรุงเทพ มีคลังสินค้าเพื่อการบรรจุสินค้าขาออกโดยเฉพาะ มีการรักษาความปลอดภัยอย่างเข้มงวดด้วยระบบบันทึกภาพ CCTV ตลอด 24 ชั่วโมง เพิ่มความเชื่อมั่นให้แก่ผู้ใช้บริการได้เป็นอย่างดี
ประกาศที่่เกี่ยวข้อง  ประกาศการท่าเรือแห่งประเทศไทย เรื่อง วิธีปฏิบัติในการบรรจุสินค้าขาออกและกองเก็บตู้สินค้าที่บรรทุกลงเรือเฉพาะเขตท่าเรือกรุงเทพ. ไปขึ้นเรือตู้สินค้า ณ ท่ารับบรรทุกที่ได้รับอนุญาตจากกรมศุลกากร (Load Port) [ดาวน์โหลดประกาศ]
 ประกาศกรมศุลกากร ที่ 37/ 2561 เรื่อง พิธีการศุลกากรส่งออกว่าด้วยการตรวจปล่อยสินค้าขาออกในเขตพื้นที่สำนักงานศุลกากรท่าเรือกรุงเทพ เพื่อบรรทุกลงเรือเฉพาะเขต (Specific Local Vessel) และรับบรรทุกที่สำนักงานศุลกากรท่าเรือแหลมฉบัง [ดาวน์โหลดประกาศ]</description>
    </item>
    
    <item>
      <title>การปรับเปลี่ยนกระบวนการตรวจปล่อยสินค้าขาเข้า</title>
      <link>https://ecs-support.github.io/knowledge-center/customs-clearance/docs/interesting-facts/process-modification-e_import-system/</link>
      <pubDate>Mon, 01 Jan 0001 00:00:00 +0000</pubDate>
      
      <guid>https://ecs-support.github.io/knowledge-center/customs-clearance/docs/interesting-facts/process-modification-e_import-system/</guid>
      <description> บทความทางวิชาการ : การปรับเปลี่ยนกระบวนการตรวจปล่อยสินค้าขาเข้า </description>
    </item>
    
    <item>
      <title>ของต้องห้ามต้องกำกัด</title>
      <link>https://ecs-support.github.io/knowledge-center/customs-clearance/docs/interesting-facts/restricted-goods/</link>
      <pubDate>Mon, 01 Jan 0001 00:00:00 +0000</pubDate>
      
      <guid>https://ecs-support.github.io/knowledge-center/customs-clearance/docs/interesting-facts/restricted-goods/</guid>
      <description>ของต้องห้ามต้องกำกัด ของต้องห้าม ของต้องห้าม หมายถึงของที่มีกฎหมายกำหนดห้ามนำเข้ามาหรือส่งออกไปนอกราชอาณาจักรโดยเด็ดขาด และในบางกรณีห้ามการส่งผ่านด้วย ผู้ใดนำสินค้าต้องห้ามเข้ามาหรือส่งออกไปนอกราชอาณาจักรจะมีความผิดต้องรับโทษตามกฎหมายที่เกี่ยวข้องและเป็นความผิดตามมาตรา 244 และ มาตรา 246 แห่งพระราชบัญญัติศุลกากร พ.ศ. 2560 ด้วย ตัวอย่างสินค้าต้องห้ามในการนำเข้า-ส่งออก มีดังนี้
 วัตถุลามก การนำเข้าและส่งออกวัตถุลามก ไม่ว่าจะอยู่ในรูปแบบหนังสือ ภาพเขียน ภาพพิมพ์ ภาพระบายสี สิ่งที่พิมพ์ขึ้น รูปภาพ ภาพโฆษณา เครื่องหมาย รูปถ่าย และภาพยนตร์ลามกหรือวัตถุลามกอื่น ๆ สินค้าที่มีตราหรือลวดลายเป็นรูปธงชาติ ยาเสพติดให้โทษ เงินตรา พันธบัตร ใบสำคัญรับดอกเบี้ยพันธบัตรอันเป็นของปลอมหรือแปลง เหรียญกษาปณ์ที่ทำให้น้ำหนักลดลงโดยทุจริต ดวงตราแผ่นดิน รอยตราแผ่นดินหรือพระปรมาภิไธย ดวงตราหรือรอยตราของทางราชการอันเป็นของปลอม สินค้าละเมิดลิขสิทธิ์ เช่น แถบบันทึกเสียง (เทปเพลง) แผ่นบันทึกเสียง (คอมแพคดิสก์) แถบบันทึกภาพ (วีดีโอเทป) โปรแกรม คอมพิวเตอร์ หนังสือ หรือสินค้าอื่นใดที่ทำซ้ำหรือดัดแปลงงานอันมีลิขสิทธิ์ของผู้อื่น สินค้าปลอมแปลงหรือเลียนแบบเครื่องหมายการค้า  ของต้องกำกัด ของต้องกำกัด หมายถึงสินค้าที่มีกฎหมายกำหนดว่าหากจะมีการนำเข้า-ส่งออกหรือผ่านราชอาณาจักรจะต้องได้รับอนุญาตหรือปฏิบัติให้ครบถ้วนตามที่กำหนดไว้ในกฎหมายนั้น ๆ เช่น ต้องมีใบอนุญาตการนำเข้าและส่งออก ต้องปฏิบัติตามประกาศอันเกี่ยวกับฉลากหรือใบรับรองการวิเคราะห์ หรือเอกสารกำกับยา เป็นต้น ผู้ใดนำของต้องกำกัดเข้ามา หรือส่งออก หรือส่งผ่านราชอาณาจักรโดยมิได้รับอนุญาตหรือไม่ปฏิบัติตามกฎหมายที่กำหนดไว้ให้ครบถ้วน จะมีความผิดตามที่กำหนดไว้ในกฎหมายนั้น ๆ และเป็นความผิดตามมาตรา 244 และ มาตรา 246 แห่งพระราชบัญญัติศุลกากร พ.</description>
    </item>
    
    <item>
      <title>หลักการปัดเศษทศนิยมยอดรวมภาษี</title>
      <link>https://ecs-support.github.io/knowledge-center/customs-clearance/docs/interesting-facts/rounding-decimal/</link>
      <pubDate>Mon, 01 Jan 0001 00:00:00 +0000</pubDate>
      
      <guid>https://ecs-support.github.io/knowledge-center/customs-clearance/docs/interesting-facts/rounding-decimal/</guid>
      <description> หลักการปัดเศษทศนิยมยอดรวมภาษีประเภทต่าง ๆ </description>
    </item>
    
    <item>
      <title>แนวทางการพัฒนาระบบภาษีที่เกี่ยวข้องกับพาณิชย์อิเล็กทรอนิกส์</title>
      <link>https://ecs-support.github.io/knowledge-center/customs-clearance/docs/interesting-facts/duty-e_commerce/</link>
      <pubDate>Mon, 01 Jan 0001 00:00:00 +0000</pubDate>
      
      <guid>https://ecs-support.github.io/knowledge-center/customs-clearance/docs/interesting-facts/duty-e_commerce/</guid>
      <description> แนวทางการพัฒนาระบบภาษีที่เกี่ยวข้องกับพาณิชย์อิเล็กทรอนิกส์  ที่มาบทความ : จุลสารศุลกากร ฉบับที่ 02 พฤศจิกายน 2562
 </description>
    </item>
    
  </channel>
</rss>