<?xml version="1.0" encoding="utf-8" standalone="yes"?>
<rss version="2.0" xmlns:atom="http://www.w3.org/2005/Atom">
  <channel>
    <title>มาตรการปกป้องและตอบโต้ทางการค้า on Knowledge Center</title>
    <link>https://ecs-support.github.io/knowledge-center/customs-clearance/docs/import/trade-protection/</link>
    <description>Recent content in มาตรการปกป้องและตอบโต้ทางการค้า on Knowledge Center</description>
    <generator>Hugo -- gohugo.io</generator>
    
	<atom:link href="https://ecs-support.github.io/knowledge-center/customs-clearance/docs/import/trade-protection/index.xml" rel="self" type="application/rss+xml" />
    
    
    <item>
      <title>มาตรการตอบโต้การทุ่มตลาด</title>
      <link>https://ecs-support.github.io/knowledge-center/customs-clearance/docs/import/trade-protection/anti-dumping/</link>
      <pubDate>Mon, 01 Jan 0001 00:00:00 +0000</pubDate>
      
      <guid>https://ecs-support.github.io/knowledge-center/customs-clearance/docs/import/trade-protection/anti-dumping/</guid>
      <description>มาตรการตอบโต้การทุ่มตลาด (Anti-dumping: AD) มาตรการตอบโต้การทุ่มตลาด (Anti-dumping: AD) เป็นมาตรการทางการค้าที่ประเทศผู้นำเข้าใช้เพื่อปกป้องอุตสาหกรรมภายในที่ได้รับความเสียหาย หรือมีแนวโน้มที่จะได้รับความเสียหายจากการทุ่มตลาดอันเกิดจากการนำเข้าสินค้าจากต่างประเทศที่ไม่เป็นธรรม
การทุ่มตลาด (Dumping) คืออะไร
การทุ่มตลาด คือ การส่งออกสินค้าจากประเทศหนึ่งไปยังอีกประเทศหนึ่งเพื่อประโยชน์ในทางพาณิชย์ โดยที่ราคาส่งออกนั้นต่ำกว่ามูลค่าปกติของสินค้าชนิดเดียวกันที่จำหน่ายเพื่อการบริโภคภายในประเทศผู้ส่งออก / ผู้ผลิตเอง
ราคาส่งออก (Export Price) คือ ราคาสินค้าที่ผู้ส่งออกขายให้แก่ผู้นำเข้า หรือตัวแทนจำหน่ายในต่างประเทศ ซึ่งไม่มีความสัมพันธ์กัน โดยราคานั้นต้องเป็นราคาที่ขายให้แก่ผู้ซื้ออิสระทอดแรก (First Independent Buyer)
มูลค่าปกติ (Normal Value) คือ
 ราคาของสินค้าชนิดเดียวกันที่ขายในประเทศผู้ส่งออก / ผู้ผลิต หรือ ราคาส่งออกไปยังประเทศที่สาม (Third Countries) หรือ ราคาที่คำนวณจากต้นทุนการผลิต + ค่าใช้จ่ายอื่นๆ + กำไรที่เหมาะสม  ความเสียหายคืออะไร
ความเสียหาย (Injury) คือ ผลกระทบที่เกิดขึ้นกับอุตสาหกรรมภายในประเทศ ผู้นำเข้าที่ผลิตสินค้าชนิดเดียวกันกับสินค้าทุ่มตลาดหรือสินค้าที่ได้รับการอุดหนุน โดยพิจารณาจากปัจจัยต่างๆ เช่น
 สินค้าในประเทศถูกตัดหรือกดราคาหรือไม่สามารถขยับราคาให้สูงขึ้น ปริมาณการผลิตสินค้าภายในประเทศลดลง ปริมาณสินค้าคงเหลือเพิ่มขึ้น อัตรากำไรลดลง ส่วนแบ่งตลาดลดลง การจ้างงานลดลง อัตราการนำเข้าสินค้าทุ่มตลาดเพิ่มขึ้นอย่างเห็นได้ชัด แนวโน้มที่ผู้ผลิตสินค้าทุ่มตลาดจะส่งสินค้าไปยังประเทศผู้นำเข้าสูงขึ้น  ลักษณะอย่างไรที่เข้าข่ายจะใช้มาตรการตอบโต้การทุ่มตลาด
 พบว่ามีการทุ่มตลาด (Dumping) เกิดความเสียหายต่ออุตสาหกรรมภายในของประเทศผู้นำเข้า (Injury) ความเสียหายของอุตสาหกรรมภายในนั้นเป็นผลมาจากการทุ่มตลาด (Causal Link Between Dumping and Injury)  สรุปสถานะมาตรการ AD  รายการสินค้า สินค้าที่ไทยถูกใช้มาตรการ รายการสินค้า สินค้าที่ไทยใช้มาตรการ คู่มือสนทนาตอบโต้การทุ่มตลาด  ข้อกฎหมาย WTOWTO  AGREEMENT ON IMPLEMENTATION OF ARTICLE VI OF THE GENERAL AGREEMENT ON TARIFFS AND TRADE 1994 พระราชบัญญัติพระราชบัญญัติ  The Anti- Dumping and Countervailing Act B.</description>
    </item>
    
    <item>
      <title>มาตรการตอบโต้การอุดหนุน</title>
      <link>https://ecs-support.github.io/knowledge-center/customs-clearance/docs/import/trade-protection/cvd/</link>
      <pubDate>Mon, 01 Jan 0001 00:00:00 +0000</pubDate>
      
      <guid>https://ecs-support.github.io/knowledge-center/customs-clearance/docs/import/trade-protection/cvd/</guid>
      <description>มาตรการตอบโต้การอุดหนุน (Countervailing Duty: CVD) มาตรการตอบโต้การอุดหนุน (Countervailing Duty: CVD) เป็นมาตรการทางการค้าที่ประเทศผู้นำเข้าใช้เพื่อปกป้องอุตสาหกรรมภายในที่ได้รับความเสียหาย หรือมีแนวโน้มที่จะได้รับความเสียหายจากการอุดหนุน อันเกิดจากการนำเข้าสินค้าจากต่างประเทศที่ไม่เป็นธรรม
การอุดหนุน (Subsidies) คืออะไร
การอุดหนุน คือ การที่รัฐให้ความช่วยเหลือ / สนับสนุนทั้งทางตรงและทางอ้อมต่อภาคเอกชน เพื่อเพิ่มปริมาณการส่งออกสินค้าไปต่างประเทศ หรือลดปริมาณการนำเข้าสินค้าจากต่างประเทศ
ลักษณะของการอุดหนุน คือ
 การให้ความช่วยเหลือทางการเงินจากภาครัฐ หรือหน่วยงานของรัฐบาล
 การให้การสนับสนุนทางการเงินทั้งโดยตรง / โดยอ้อม การจัดหาสินค้า / ให้บริการเกินกว่าสาธารณูปโภคขั้นพื้นฐาน  การให้การสนับสนุนด้านรายได้หรือด้านราคา
  ตัวอย่าง โครงการที่เข้าข่ายการอุดหนุน
 การลดหย่อน หรือ ยกเว้นอากรนำเข้าวัตถุดิบ / เครื่องจักร การยกเว้นภาษีมูลค่าเพิ่ม การลดหย่อน หรือ ยกเว้นภาษีเงินได้นิติบุคคล การยกหนี้ หรือ การลดหนี้ หรือ ยืดระยะเวลาการชำระหนี้ การกู้เงินในอัตราดอกเบี้ยต่ำกว่าอัตราดอกเบี้ยปกติในตลาด การให้สินเชื่อเพื่อการส่งออก  การใช้มาตรการตอบโต้การอุดหนุน (Countervailing Measures)
ต้องพิจารณาว่า
 เป็นการอุดหนุนที่ให้แบบเฉพาะเจาะจงต่อบริษัท / อุตสาหกรรม / ภูมิภาค / เพื่อการส่งออก /เพื่อให้ใช้สินค้าในประเทศมากกว่าสินค้านำเข้า ผู้ได้รับการอุดหนุนได้รับประโยชน์จากโครงการต่างๆ ของรัฐ อุตสาหกรรมภายในของประเทศผู้นำเข้าได้รับความเสียหายจากผลของการนำเข้าสินค้าที่ได้รับการอุดหนุน  ซึ่งมาตรการตอบโต้การอุดหนุนคำนวณเป็น % หรือจำนวนเงินต่อหน่วย โดยเรียกเก็บอากรตอบโต้การอุดหนุน (Countervailing Duty: CVD) เพิ่มจากภาษีนำเข้าปกติ</description>
    </item>
    
    <item>
      <title>มาตรการปกป้องการนำเข้าสินค้าที่เพิ่มขึ้น</title>
      <link>https://ecs-support.github.io/knowledge-center/customs-clearance/docs/import/trade-protection/sg/</link>
      <pubDate>Mon, 01 Jan 0001 00:00:00 +0000</pubDate>
      
      <guid>https://ecs-support.github.io/knowledge-center/customs-clearance/docs/import/trade-protection/sg/</guid>
      <description>มาตรการปกป้องการนำเข้าสินค้าที่เพิ่มขึ้น (Safeguard Measure: SG) มาตรการปกป้องการนำเข้าสินค้าที่เพิ่มขึ้น เป็นมาตรการทางการค้าที่ประเทศผู้นำเข้าใช้ในการคุ้มครองอุตสาหกรรมภายในที่ได้รับความเสียหาย หรือมีแนวโน้มที่จะได้รับความเสียหายจากการนำข้าที่เพิ่มมากขึ้นมากกว่าปกติ เพื่อเปิดโอกาสให้อุตสาหกรรมภายในของประเทศดังกล่าวสามารถปรับตัวให้สามารถแข่งขันกับสินค้านำเข้าได้
การใช้มาตรการ SG ของไทย
กฎหมายที่เกี่ยวข้อง
 พระราชบัญญัติมาตรการปกป้องจากการนำเข้าสินค้าที่เพิ่มขึ้น พ.ศ. 2550  ปัจจัยสำคัญในการพิจารณาใช้มาตรการ SG
 ปริมาณการนำเข้าสินค้าเพิ่มขึ้นอย่างมาก ไม่ว่าจะเป็นปริมาณเพิ่มขึ้นจริง อย่างชัดเจน (Absolute Increased) หรือ ปริมาณเพิ่มขึ้นโดยเปรียบเทียบ (Relative Increased) ระหว่างปริมาณนำเข้ากับปริมาณการผลิตในประเทศ
 การนำเข้าที่เพิ่มขึ้นนั้น เป็นผลจากเหตุการณืที่ไม่อาจคาดการณืล่วงหน้าได้ (Unforeseen Development)
 การนำเข้าที่เพิ่มขึ้นนั้นก่อให้เกิดหรือคุกคามให้เกิด ‘ความเสียหายอย่างร้ายแรง’ (Serious Injury or Threat thereof) ต่ออุตสาหกรรมภายใน ทั้งนี้ ปัจจัยหลักในการพิจารณาความเสียหายได้แก่
 อัตราและปริมาณของการนำเข้าสินค้าที่เพิ่มขึ้น ส่วนแบ่งตลาดของสินค้านำเข้าที่เพิ่มขึ้น การเปลี่ยนแปลงของระดับการขาย การเปลี่ยนแปลงของระดับผลผลิต การเปลี่ยนแปลงของระดับผลิตภาพ การเปลี่ยนแปลงของระดับกำลังการผลิตที่ใช้จริง การเปลี่ยนแปลงของระดับกำไรและขาดทุน การเปลี่ยนแปลงของระดับการจ้างงาน   ประเภทของมาตรการ Safeguards
​​​​​​​1. Global Safeguards (SG) คือ มาตรการ SG ภายใต้ความตกลงว่าด้วยมาตรการ SG ของ WTO และ Article X ของ GATT 1994 ที่ใช้บังคับกับสินค้านำเข้าจากทุกประเทศโดยไม่คำนึงถึงแหล่งที่มาของสินค้า Bilateral Safeguards หรือ Transitional Safeguards คือ มาตรการ SG สองฝ่ายภายใต้ความตกลงการค้าเสรี หรือความตกลงสองฝ่ายอื่นๆ ซึ่งใช้บังคับกับสินค้านำเข้าเฉพาะจากประเทศคู่ภาคี และใช้กับสินค้าที่อยู่ในรายการสินค้าลด / เลิกอากรศุลกากรระหว่างกัน</description>
    </item>
    
  </channel>
</rss>