<?xml version="1.0" encoding="utf-8" standalone="yes"?>
<rss version="2.0" xmlns:atom="http://www.w3.org/2005/Atom">
  <channel>
    <title>INCOTERMS on Knowledge Center</title>
    <link>https://ecs-support.github.io/knowledge-center/customs-clearance/docs/price/incoterms/</link>
    <description>Recent content in INCOTERMS on Knowledge Center</description>
    <generator>Hugo -- gohugo.io</generator>
    
	<atom:link href="https://ecs-support.github.io/knowledge-center/customs-clearance/docs/price/incoterms/index.xml" rel="self" type="application/rss+xml" />
    
    
    <item>
      <title>Incoterms®2010</title>
      <link>https://ecs-support.github.io/knowledge-center/customs-clearance/docs/price/incoterms/incoterms-2010/</link>
      <pubDate>Mon, 01 Jan 0001 00:00:00 +0000</pubDate>
      
      <guid>https://ecs-support.github.io/knowledge-center/customs-clearance/docs/price/incoterms/incoterms-2010/</guid>
      <description>ข้อตกลงในการส่งมอบสินค้าระหว่างประเทศ (Incoterms®2010) Incoterms (International Commercial Terms) เป็นข้อกำหนดการส่งมอบสินค้า (Term of Shipment) ระหว่างผู้ซื้อกับผู้ขายที่เป็นสากล ซึ่งกำหนดขึ้นโดยหอการค้านานาชาติ (International Chamber Of Commerce - ICC) ได้มีการประชุมบรรดาสมาชิกของหอการค้า นานาชาติทุก 10 ปี เพื่อวางกฎเกณฑ์ข้อตกลงในการส่งมอบสินค้าระหว่างประเทศ (International Commercial Terms: INCOTERMS) เริ่มใช้ในปี ค.ศ. 1936 (พ.ศ. 2479) ต่อมาได้มีการแก้ไขเพิ่มเติมอีกหลายครั้ง ตั้งแต่ปี ค.ศ. 1953, 1967, 1980, 1990, 2000 และฉบับปัจจุบันปรับปรุงแก้ไขเพิ่มเติมเมื่อปี ค.ศ. 2010 (เริ่มใช้เมื่อ 1 มกราคม 2011) เพื่อให้กฎเกณฑ์ดังกล่าวสอดคล้องกับหลักปฏิบัติทางการค้าเทคโนโลยี การสื่อสารทางอิเล็กทรอนิกส์ และระบบ Logistic and Supply Chain ที่พัฒนาและเปลี่ยนแปลงไป โดยกำหนดให้ขอบเขตของ INCOTERMS 2010 จำกัดอยู่เฉพาะเรื่อง ที่เกี่ยวข้องกับสิทธิและหน้าที่ ของคู่สัญญาซื้อขายในเรื่องการส่งมอบสินค้าที่ขาย ประกอบด้วย 11 ข้อตกลง ซึ่งได้แก่
 EXW (Ex Works) FCA (Free Carrier) FAS (Free Alongside Ship) FOB (Free on Board) CFR (Cost and Freight) CIF (Cost Insurance and Freight) CPT (Carriage Paid to) CIP (Carriage Insurance Paid to) DAT (Delivered at Terminal) DAP (Delivered at Place) DDP (Delivered Duty Paid)  แบ่งตามรูปแบบการขนส่งสินค้า  กลุ่มการขนส่งรูปแบบใดรูปแบบหนึ่งหรือหลายรูปแบบ (Multimodal transport) มี 7 เงื่อนไข คือ EXW, FCA, CPT, CIP, DAT, DAP และ DDP</description>
    </item>
    
  </channel>
</rss>