<?xml version="1.0" encoding="utf-8" standalone="yes"?>
<rss version="2.0" xmlns:atom="http://www.w3.org/2005/Atom">
  <channel>
    <title>การส่งเสริมการลงทุน(BOI) on Knowledge Center</title>
    <link>https://ecs-support.github.io/knowledge-center/customs-clearance/docs/tax-incentive/boi/</link>
    <description>Recent content in การส่งเสริมการลงทุน(BOI) on Knowledge Center</description>
    <generator>Hugo -- gohugo.io</generator>
    
	<atom:link href="https://ecs-support.github.io/knowledge-center/customs-clearance/docs/tax-incentive/boi/index.xml" rel="self" type="application/rss+xml" />
    
    
    <item>
      <title>ระบบตัดบัญชีวัตถุดิบแบบไร้เอกสาร</title>
      <link>https://ecs-support.github.io/knowledge-center/customs-clearance/docs/tax-incentive/boi/boi-raw-material/</link>
      <pubDate>Mon, 01 Jan 0001 00:00:00 +0000</pubDate>
      
      <guid>https://ecs-support.github.io/knowledge-center/customs-clearance/docs/tax-incentive/boi/boi-raw-material/</guid>
      <description>ระบบตัดบัญชีวัตถุดิบแบบไร้เอกสาร สำนักงานคณะกรรมการส่งเสริมการลงทุน (BOI) ได้กำหนดให้ใช้ &amp;ldquo;ระบบตัดบัญชีวัตถุดิบแบบไร้เอกสาร&amp;rdquo; สำหรับใบขนสินค้าขาออกที่ส่งออกตั้งแต่ วันที่ 1 ตุลาคม 2561 เป็นต้นมา ซึ่งระบบดังกล่าวจะใช้ข้อมูลใบขนสินค้าขาออก ของกรมศุลกากร ในการยืนยันการส่งออกสินค้าไปนอกราชอาณาจักร เพื่อสามารถตัดบัญชีวัตถุดิบให้ผู้ประกอบการได้โดยอัตโนมัติ
ข้อมูลหลักที่ใช้ในการตัดบัญชีวัตถุดิบ กรณี Trading (Non BOI) การตัดบัญชีวัตถุดิบโดยใช้ข้อมูลใบขนสินค้าขาออก ที่มา : ประกาศสำนักงานคณะกรรมการส่งเสริมการลงทุนที่ ป. 9 / 2561 เรื่อง วิธีปฏิบัติในการสั่งปล่อย ค้ำประกัน และตัดบัญชีวัตถุดิบ และวัสดุจำเป็น ด้วยระบบอิเล็กทรอนิกส์ (RMTS 2011) (ดาวน์โหลด)การระบุชื่อผลิตภัณฑ์และชื่อรุ่น ตัวอย่างการบันทึกข้อมุูลใบขนสินค้าขาออก ตัวอย่างที่ 1 ตัวอย่างที่ 2 ตัวอย่างที่ 3 ข้อมูลอ้างอิง :
 ประกาศสำนักงานคณะกรรมการส่งเสริมการลงทุนที่ ป. 8 / 2561 เรื่อง วิธีปฏิบัติในการใช้สิทธิและประโยชน์ยกเว้นอากรขาเข้า สำหรับวัตถุดิบและวัสดุจำเป็นเพื่อใช้ในการผลิตเพื่อการส่งออก (ดาวน์โหลด)
 ประกาศสำนักงานคณะกรรมการส่งเสริมการลงทุนที่ ป. 9 / 2561 เรื่อง วิธีปฏิบัติในการสั่งปล่อย ค้ำประกัน และตัดบัญชีวัตถุดิบ และวัสดุจำเป็น ด้วยระบบอิเล็กทรอนิกส์ (RMTS 2011) (ดาวน์โหลด)</description>
    </item>
    
  </channel>
</rss>