<?xml version="1.0" encoding="utf-8" standalone="yes"?>
<rss version="2.0" xmlns:atom="http://www.w3.org/2005/Atom">
  <channel>
    <title>การโอนย้ายของออกจากสิทธิประโยชน์ on Knowledge Center</title>
    <link>https://ecs-support.github.io/knowledge-center/customs-clearance/docs/tax-incentive/tax-incentive_guide/transfer-of-goods/</link>
    <description>Recent content in การโอนย้ายของออกจากสิทธิประโยชน์ on Knowledge Center</description>
    <generator>Hugo -- gohugo.io</generator>
    
	<atom:link href="https://ecs-support.github.io/knowledge-center/customs-clearance/docs/tax-incentive/tax-incentive_guide/transfer-of-goods/index.xml" rel="self" type="application/rss+xml" />
    
    
    <item>
      <title>คลังสินค้าทัณฑ์บน</title>
      <link>https://ecs-support.github.io/knowledge-center/customs-clearance/docs/tax-incentive/tax-incentive_guide/transfer-of-goods/bond/</link>
      <pubDate>Mon, 01 Jan 0001 00:00:00 +0000</pubDate>
      
      <guid>https://ecs-support.github.io/knowledge-center/customs-clearance/docs/tax-incentive/tax-incentive_guide/transfer-of-goods/bond/</guid>
      <description>การโอนย้ายของออกจากคลังสินค้าทัณฑ์บน โอนย้ายของเข้าโดยใช้สิทธิ์คลังสินค้าทัณฑ์บน การโอนย้ายของออกจากคลังสินค้าทัณฑ์บน เพื่อโอนย้ายของเข้าโดยใช้สิทธิ์คลังสินค้าทัณฑ์บน
 ผู้ส่งออกของ ส่งใบขนสินค้าขาออกโอนย้ายภายในประเทศ (B) ให้ระบุค่าดังนี้
 ระบุ Release Port = รหัสสถานที่ตรวจปล่อยของคลังสินค้าทัณฑ์ที่นำออก ที่ส่วนควบคุมในใบขนสินค้า
 ระบุ Load Port = รหัสสถานที่รับบรรทุกของของคลังสินค้าทัณฑ์ที่นำออก ที่ส่วนควบคุมในใบขนสินค้า
 ระบุ Export Tax Incentives ID = เลขที่ทะเบียนสิทธิ์ประโยชน์คลังสินค้าทัณฑ์บนที่นำของออกที่ส่วนควบคุมในใบขนสินค้า
 ระบุ Bond = Y ที่ส่วนรายการในใบขนสินค้า
 ระบุ Import Tax Incentives ID = เลขที่ทะเบียนสิทธิ์ประโยชน์คลังสินค้าทัณฑ์บนที่นำของเข้า ที่ส่วนรายการในใบขนสินค้า
 กรณีมีสูตรการผลิต ระบุเลขที่สูตรการผลิต (Model Number) เวอร์ชั่นของสูตรการผลิต (ModelVersion) และเลขประจำตัวผู้เสียภาษีอากรของบริษัทผู้ยื่นสูตรการผลิต (Model Company Tax Number) ด้วย
  ผู้นำของเข้า ส่งใบขนสินค้าขาเข้าโอนย้ายภายในประเทศ (A) ให้ระบุค่าดังนี้
 ระบุ Release Port = รหัสสถานที่ตรวจปล่อยของคลังสินค้าทัณฑ์ที่นำออก ที่ส่วนควบคุมในใบขนสินค้า</description>
    </item>
    
    <item>
      <title>ขอคืนอากรตามมาตรา 29</title>
      <link>https://ecs-support.github.io/knowledge-center/customs-clearance/docs/tax-incentive/tax-incentive_guide/transfer-of-goods/section_29/</link>
      <pubDate>Mon, 01 Jan 0001 00:00:00 +0000</pubDate>
      
      <guid>https://ecs-support.github.io/knowledge-center/customs-clearance/docs/tax-incentive/tax-incentive_guide/transfer-of-goods/section_29/</guid>
      <description>การโอนย้ายของออกจากสิทธิประโยชน์ขอคืนอากรตามมาตรา 29 โอนย้ายของเข้าไปใช้สิทธิ์คลังสินค้าทัณฑ์บน การโอนย้ายของออกจากสิทธิประโยชน์ขอคืนอากรตามมาตรา 29 เพื่อโอนย้ายของเข้าไปใช้สิทธิ์คลังสินค้าทัณฑ์บน
ผู้ส่งออกของ ส่งใบขนสินค้าขาออกโอนย้ายภายในประเทศ (B) ให้ระบุค่าดังนี้
 ระบุ Release Port = รหัสสถานที่ตรวจปล่อยของคลังสินค้าทัณฑ์บนที่นำสินค้าเข้าเก็บ ที่ส่วนควบคุมในใบขนสินค้า ระบุ Load Port = รหัสสถานที่รับบรรทุกของของคลังสินค้าทัณฑ์บนที่นำสินค้าเข้าเก็บ ที่ส่วนควบคุมในใบขนสินค้า ระบุ Export Tax Incentives ID = เลขทะเบียนผู้ใช้สิทธิประโยชน์ขอคืนอากรตรมมาตรา 29 ที่ส่วนควบคุมในใบขนสินค้า ระบุ Drawback = Y ที่ส่วนรายการในใบขนสินค้า ระบุ สูตรการผลิต ระบุเลขที่สูตรการผลิต (Model Number) เวอร์ชั่นของสูตรการผลิต (Model Version) และเลขประจำตัวผู้เสียภาษีอากรของบริษัทผู้ยื่นสูตรการผลิต (Model Company Tax Number) ระบุ Import Tax Incentives ID = เลขที่ทะเบียนสิทธิ์ประโยชน์คลังสินค้าทัณฑ์บนที่นำของเข้า ที่ส่วนรายการในใบขนสินค้า   ผู้นำของเข้า ส่งใบขนสินค้าขาเข้าโอนย้ายภายในประเทศ (A) ให้ระบุค่าดังนี้.
 ระบุ Release Port = รหัสสถานที่ตรวจปล่อยของคลังสินค้าทัณฑ์บนที่นำสินค้าเข้าเก็บ ที่ส่วนควบคุมในใบขนสินค้า ระบุ Discharge Port = รหัสสถานที่รับบรรทุกของของคลังสินค้าทัณฑ์บนที่นำสินค้าเข้าเก็บ ที่ส่วนควบคุมในใบขนสินค้า ระบุ Export Tax Incentives ID = เลขทะเบียนผู้ใช้สิทธิประโยชน์ขอคืนอากรตามมาตรา 29 ที่ส่วนควบคุมในใบขนสินค้า ระบุ Bond = Y ที่ส่วนรายการในใบขนสินค้า ระบุ Import Tax Incentives ID = เลขที่ทะเบียนสิทธิ์ประโยชน์คลังสินค้าทัณฑ์บนที่นำของเข้า ที่ส่วนรายการในใบขนสินค้า  โอนย้ายของเข้าโดยใช้สิทธิ์เขตปลอดอากร การโอนย้ายของออกจากสิทธิประโยชน์ขอคืนอากรตามมาตรา 29 เพื่อโอนย้ายของเข้าโดยใช้สิทธิ์เขตปลอดอากร</description>
    </item>
    
    <item>
      <title>ส่งเสริมการลงทุน BOI</title>
      <link>https://ecs-support.github.io/knowledge-center/customs-clearance/docs/tax-incentive/tax-incentive_guide/transfer-of-goods/boi/</link>
      <pubDate>Mon, 01 Jan 0001 00:00:00 +0000</pubDate>
      
      <guid>https://ecs-support.github.io/knowledge-center/customs-clearance/docs/tax-incentive/tax-incentive_guide/transfer-of-goods/boi/</guid>
      <description>การโอนย้ายของออกจากสิทธิประโยชน์ส่งเสริมการลงทุน BOI โอนย้ายของเข้าไปใช้สิทธิ์คลังสินค้าทัณฑ์บน การโอนย้ายของออกจากสิทธิประโยชน์ส่งเสริมการลงทุน (BOI) เพื่อโอนย้ายของเข้าไปใช้สิทธิ์คลังสินค้าทัณฑ์บน
 ผู้ส่งออกของ ส่งใบขนสินค้าขาออกโอนย้ายภายในประเทศ (B) ให้ระบุค่าดังนี้
 ระบุ Release Port = รหัสสถานที่ตรวจปล่อยของคลังสินค้าทัณฑ์บนที่นำสินค้าเข้าเก็บ ที่ส่วนควบคุมในใบขนสินค้า ระบุ Load Port = รหัสสถานที่รับบรรทุกของของคลังสินค้าทัณฑ์บนที่นำสินค้าเข้าเก็บ ที่ส่วนควบคุมในใบขนสินค้า ระบุ BOI = Y ที่ส่วนรายการในใบขนสินค้า ระบุ เลขที่บัตรส่งเสริมการลงทุน BOI ในช่อง BOI License Number ที่ส่วนรายการในใบขนสินค้า Privilege Code = 000 ตามอัตราปกติ หรือ 999 ตามพระราชกำหนด เท่านั้น ระบุเลขที่อนุมัติสั่งปล่อยของ BOI ส่วนใบอนุญาต   ผู้นำของเข้า ส่งใบขนสินค้าขาเข้าโอนย้ายภายในประเทศ (A) ให้ระบุค่าดังนี้
 ระบุ Release Port = รหัสสถานที่ตรวจปล่อยของคลังสินค้าทัณฑ์บนที่นำสินค้าเข้าเก็บ ที่ส่วนควบคุมในใบขนสินค้า ระบุ Discharge Port = รหัสสถานที่รับบรรทุกของของคลังสินค้าทัณฑ์บนที่นำสินค้าเข้าเก็บ ที่ส่วนควบคุมในใบขนสินค้า ระบุ Bond = Y ที่ส่วนรายการในใบขนสินค้า ระบุ Import Tax Incentives ID = เลขที่ทะเบียนสิทธิ์ประโยชน์คลังสินค้าทัณฑ์บนที่นำของเข้า ที่ส่วนรายการในใบขนสินค้า   โอนย้ายของเข้าโดยใช้สิทธิ์เขตปลอดอากร การโอนย้ายของออกจากสิทธิประโยชน์ส่งเสริมการลงทุน (BOI) เพื่อโอนย้ายของเข้าโดยใช้สิทธิ์เขตปลอดอากร</description>
    </item>
    
    <item>
      <title>เขตปลอดอากร (Freezone)</title>
      <link>https://ecs-support.github.io/knowledge-center/customs-clearance/docs/tax-incentive/tax-incentive_guide/transfer-of-goods/freezone/</link>
      <pubDate>Mon, 01 Jan 0001 00:00:00 +0000</pubDate>
      
      <guid>https://ecs-support.github.io/knowledge-center/customs-clearance/docs/tax-incentive/tax-incentive_guide/transfer-of-goods/freezone/</guid>
      <description>การโอนย้ายของออกจากสิทธิประโยชน์เขตปลอดอากร โอนย้ายของเข้าโดยใช้สิทธิ์คลังสินค้าทัณฑ์บน การโอนย้ายของออกจากเขตปลอดอากร เพื่อโอนย้ายของเข้าโดยใช้สิทธิ์คลังสินค้าทัณฑ์บน
ผู้นำของเข้า ส่งใบขนสินค้าขาเข้าโอนย้ายออกจากเขตปลอดอากร C ให้ระบุค่าดังนี้
 ระบุ Release Port = รหัสสถานที่ตรวจปล่อยของเขตปลอดอากรที่นำออก ที่ส่วนควบคุมใน ใบขนสินค้า ระบุ Discharge Port = รหัสสถานที่รับบรรทุกของของเขตปลอดอากรที่นำออก ที่ส่วนควบคุมในใบขนสินค้า ระบุ Export Tax Incentives ID = เลขที่ทะเบียนสิทธิ์ประโยชน์เขตปลอดอากรที่นำของออกที่ส่วนควบคุมในใบขนสินค้า ระบุ Bond = Y ที่ส่วนรายการในใบขนสินค้า ระบุ Import Tax Incentives ID = เลขที่ทะเบียนสิทธิ์ประโยชน์คลังสินค้าทัณฑ์บนที่นำของเข้า ที่ส่วนรายการในใบขนสินค้า โอนย้ายของเข้าโดยใช้สิทธิ์ ขอคืนอากรตามมาตรา 29 การโอนย้ายของออกจากเขตปลอดอากร เพื่อโอนย้ายของเข้าโดยใช้สิทธิ์ ขอคืนอากรตามมาตรา 29
ผู้นำของเข้า ส่งใบขนสินค้าขาเข้าโอนย้ายออกจากเขตปลอดอากร C ให้ระบุค่าดังนี้  ระบุ Release Port = รหัสสถานที่ตรวจปล่อยของเขตปลอดอากรที่นำออก ที่ส่วนควบคุมใน ใบขนสินค้า ระบุ Discharge Port = รหัสสถานที่รับบรรทุกของของเขตปลอดอากรที่นำออก ที่ส่วนควบคุม ในใบขนสินค้า ระบุ Export Tax Incentives ID = เลขที่ทะเบียนสิทธิ์ประโยชน์เขตปลอดอากรที่นำของออกที่ส่วนควบคุมในใบขนสินค้า ระบุ Drawback = Y ที่ส่วนรายการในใบขนสินค้า ระบุ Import Tax Incentives ID = เลขทะเบียนผู้ใช้สิทธิประโยชน์ขอคืนอากรตามมาตรา 29ที่ส่วนรายการในใบขนสินค้า เพื่อชำระค่าภาษีอากรบริโภคภายในประเทศ การโอนย้ายของออกจากเขตปลอดอากร เพื่อชำระค่าภาษีอากรบริโภคภายในประเทศ</description>
    </item>
    
    <item>
      <title>เขตประกอบการเสรี (I-EAT)</title>
      <link>https://ecs-support.github.io/knowledge-center/customs-clearance/docs/tax-incentive/tax-incentive_guide/transfer-of-goods/i-eat/</link>
      <pubDate>Mon, 01 Jan 0001 00:00:00 +0000</pubDate>
      
      <guid>https://ecs-support.github.io/knowledge-center/customs-clearance/docs/tax-incentive/tax-incentive_guide/transfer-of-goods/i-eat/</guid>
      <description>การโอนย้ายของออกจากสิทธิประโยชน์เขตประกอบการเสรี โอนย้ายของเข้าโดยใช้สิทธิ์คลังสินค้าทัณฑ์บน การโอนย้ายของออกจากเขตประกอบการเสรี เพื่อโอนย้ายของเข้าโดยใช้สิทธิ์คลังสินค้าทัณฑ์บน
ผู้นำของเข้า ส่งใบขนสินค้าขาเข้าโอนย้ายออกจากเขตประกอบการเสรี C ให้ระบุค่าดังนี้  ระบุ Release Port = รหัสสถานที่ตรวจปล่อยของเขตประกอบการเสรีที่นำออก ที่ส่วนควบคุมในใบขนสินค้า ระบุ Load Port = รหัสสถานที่รับบรรทุกของของเขตประกอบการเสรีที่นำออก ที่ส่วนควบคุม ในใบขนสินค้า ระบุ Export Tax Incentives ID = เลขที่ทะเบียนสิทธิ์ประโยชน์เขตประกอบการเสรีที่นำของออกที่ส่วนควบคุมในใบขนสินค้า ระบุ Bond = Y ที่ส่วนรายการในใบขนสินค้า ระบุ Import Tax Incentives ID = เลขที่ทะเบียนสิทธิ์ประโยชน์คลังสินค้าทัณฑ์บนที่นำของเข้า ที่ส่วนรายการในใบขนสินค้า โอนย้ายของเข้าโดยใช้สิทธิ์ขอคืนอากรตามมาตรา 29 การโอนย้ายของออกจากเขตประกอบการเสรี เพื่อโอนย้ายของเข้าโดยใช้สิทธิ์ขอคืนอากรตามมาตรา 29
ผู้นำของเข้า ส่งใบขนสินค้าขาเข้าโอนย้ายออกจากเขตประกอบการเสรี C ให้ระบุค่าดังนี้  ระบุ Release Port = รหัสสถานที่ตรวจปล่อยของเขตประกอบการเสรีที่นำออก ที่ส่วนควบคุมใน ใบขนสินค้า ระบุ Load Port = รหัสสถานที่รับบรรทุกของของเขตประกอบการเสรีที่นำออก ที่ส่วนควบคุม ในใบขนสินค้า ระบุ Export Tax Incentives ID = เลขที่ทะเบียนสิทธิ์ประโยชน์เขตประกอบการเสรีที่นำของออกที่ส่วนควบคุมในใบขนสินค้า ระบุ Drawback = Y ที่ส่วนรายการในใบขนสินค้า ระบุ Import Tax Incentives ID = เลขทะเบียนผู้ใช้สิทธิประโยชน์ขอคืนอากรตรมมาตรา มาตรา 29 ที่ส่วนรายการใน ใบขนสินค้า เพื่อชำระค่าภาษีอากรบริโภคภายในประเทศ การโอนย้ายของออกจากเขตประกอบการเสรี เพื่อชำระค่าภาษีอากรบริโภคภายในประเทศ</description>
    </item>
    
  </channel>
</rss>