<?xml version="1.0" encoding="utf-8" standalone="yes"?>
<rss version="2.0" xmlns:atom="http://www.w3.org/2005/Atom">
  <channel>
    <title>กรมศุลกากร on Knowledge Center</title>
    <link>https://ecs-support.github.io/knowledge-center/customs-clearance/docs/customs/</link>
    <description>Recent content in กรมศุลกากร on Knowledge Center</description>
    <generator>Hugo -- gohugo.io</generator>
    
	<atom:link href="https://ecs-support.github.io/knowledge-center/customs-clearance/docs/customs/index.xml" rel="self" type="application/rss+xml" />
    
    
    <item>
      <title>ข้อมูลติดต่อด่านศุลกากร</title>
      <link>https://ecs-support.github.io/knowledge-center/customs-clearance/docs/customs/customs-information-contact/</link>
      <pubDate>Mon, 01 Jan 0001 00:00:00 +0000</pubDate>
      
      <guid>https://ecs-support.github.io/knowledge-center/customs-clearance/docs/customs/customs-information-contact/</guid>
      <description>ข้อมูลติดต่อด่านศุลกากร/สำนักงาน    ชื่อหน่วยงาน ที่อยู่ หมายเลขโทรศัพท์     สำนักงานศุลกากรภาคที่ 1 เลขที่ 1 ถนนสุนทรโกษา แขวงคลองเตย เขตคลองเตย กรุงเทพฯ 10110 (อาคาร 1 ชั้น 4) 0-2667-6007   1. ด่านศุลกากรมาบตาพุด ถ.ไอ-1 นิคมอุตสาหกรรมมาบตาพุด ต.มาบตาพุด อ.เมือง จ.ระยอง 21150 0-3868-3370   2. ด่านศุลกากรอรัญประเทศ 371 กม.5 ฝั่งขวา ต.อรัญประเทศ อ.อรัญประเทศ จ.สระแก้ว 27120 0-3723-0313   3. ด่านศุลกากรระนอง 90 /221 ถ.เฉลิมพระเกียรติ ต.ปากน้ำ อ.เมือง จ.ระนอง 85000 0-7782-4872-3   4. ด่านศุลกากรคลองใหญ่ 100 หมู่ 1 ต.คลองใหญ่ อ.คลองใหญ่ จ.</description>
    </item>
    
  </channel>
</rss>