<?xml version="1.0" encoding="utf-8" standalone="yes"?>
<rss version="2.0" xmlns:atom="http://www.w3.org/2005/Atom">
  <channel>
    <title>ผู้ประกอบการ on Knowledge Center</title>
    <link>https://ecs-support.github.io/knowledge-center/customs-clearance/docs/company/</link>
    <description>Recent content in ผู้ประกอบการ on Knowledge Center</description>
    <generator>Hugo -- gohugo.io</generator>
    
	<atom:link href="https://ecs-support.github.io/knowledge-center/customs-clearance/docs/company/index.xml" rel="self" type="application/rss+xml" />
    
    
    <item>
      <title>ผู้ประกอบการระดับมาตรฐานเออีโอ</title>
      <link>https://ecs-support.github.io/knowledge-center/customs-clearance/docs/company/aeo/</link>
      <pubDate>Mon, 01 Jan 0001 00:00:00 +0000</pubDate>
      
      <guid>https://ecs-support.github.io/knowledge-center/customs-clearance/docs/company/aeo/</guid>
      <description>ผู้ประกอบการระดับมาตรฐานเออีโอ (Authorized Economic Operator: AEO) สืบเนื่องจากเหตุการณ์ก่อการร้ายเมื่อวันที่ 11 กันยายน 2544 (เหตุการณ์ 9 /11) ทำให้องค์การศุลกากรโลก (World Customs Organization:WCO) ตระหนักถึงระบบความปลอดภัยทางโลจิสติกส์และการค้าระหว่างประเทศ โดยให้ความสำคัญในกระบวนการรักษาความปลอดภัยตั้งแต่ต้นทางของการขนส่ง จึงได้กำหนดกรอบมาตรฐานในการรักษาความปลอดภัย และการอำนวยความสะดวกทางการค้าระหว่างประเทศ เรียกว่า SAFE Framework of Standards to Secure and Facilitate Global Trade (WCO SAFE FoS) ซึ่งหนึ่งในกลไกสำคัญของ WCO SAFE FoS คือ โครงการ Authorized Economic Operator: AEO ทั้งนี้ ประเทศสมาชิก WCO ต่างแสดงเจตจำนงเข้าร่วมโครงการดังกล่าว โดยประเทศไทยในฐานะสมาชิก WCO ได้รับนโยบายนี้มาตั้งแต่ปี 2549 และกรมศุลกากรได้ลงนามใน Letter of Intent เมื่อวันที่ 9 พฤษภาคม 2549 เพื่อแสดงเจตนารมณ์ในการนำ WCO SAFE FoS มาใช้กระตุ้นให้ศุลกากรและภาคเอกชนตระหนักถึงความปลอดภัยในการขนส่งสินค้าระหว่างประเทศ โดยได้ดำเนินการมาตั้งแต่ปี พ.ศ. 2550 และยังคงมีความก้าวหน้ามาอย่างต่อเนื่อง</description>
    </item>
    
  </channel>
</rss>