<?xml version="1.0" encoding="utf-8" standalone="yes"?>
<rss version="2.0" xmlns:atom="http://www.w3.org/2005/Atom">
  <channel>
    <title>สิทธิพิเศษทางการค้า on Knowledge Center</title>
    <link>https://ecs-support.github.io/knowledge-center/customs-clearance/docs/free-trade-area/</link>
    <description>Recent content in สิทธิพิเศษทางการค้า on Knowledge Center</description>
    <generator>Hugo -- gohugo.io</generator>
    
	<atom:link href="https://ecs-support.github.io/knowledge-center/customs-clearance/docs/free-trade-area/index.xml" rel="self" type="application/rss+xml" />
    
    
    <item>
      <title>Checklist กฎว่าด้วยถิ่นกำเนิดสินค้า</title>
      <link>https://ecs-support.github.io/knowledge-center/customs-clearance/docs/free-trade-area/checklist/</link>
      <pubDate>Mon, 01 Jan 0001 00:00:00 +0000</pubDate>
      
      <guid>https://ecs-support.github.io/knowledge-center/customs-clearance/docs/free-trade-area/checklist/</guid>
      <description> ข้อพึงรู้พึงระวังเกี่ยวกับกฎว่าด้วยถิ่นกำเนิดสินค้า ที่มา : กรมศุลกากร วันที่ปรับปรุงข้อมูลล่าสุด : 11 กันยายน 2562
สอบถามข้อมูลเพิ่มเติมได้ที่ : ส่วนกฎว่าด้วยถิ่นกำเนิดสินค้า (สกก.) กองพิกัดอัตราศุลกากร (กพก.) กรมศุลกากร เลขที่ 1 ถ.สุนทรโกษา คลองเตย กทม. 10110 หมายเลขโทรศัพท์ : 0-2667-7014 หรือ 0-2667-6459 อีเมล์ : 80150000@customs.go.th</description>
    </item>
    
    <item>
      <title>WTO</title>
      <link>https://ecs-support.github.io/knowledge-center/customs-clearance/docs/free-trade-area/wto/</link>
      <pubDate>Mon, 01 Jan 0001 00:00:00 +0000</pubDate>
      
      <guid>https://ecs-support.github.io/knowledge-center/customs-clearance/docs/free-trade-area/wto/</guid>
      <description>ข้อตกลงองค์การการค้าโลก (WTO) องค์การการค้าโลก (World Trade Organization: WTO) เป็นองค์การระหว่างประเทศ ที่มีพัฒนาการมาจากการทำความตกลงทั่วไปว่าด้วยภาษีศุลกากรและการค้าหรือแกตต์ (General Agreement on Tariffs and Trade: GATT) เมื่อปี พ.ศ. 2490 ซึ่งขณะนั้น ยังไม่มีสถานะเป็นสถาบันจนกระทั่งการเจรจาการค้ารอบอุรุกวัยสิ้นสุดลง และผลการเจรจาส่วนหนึ่งคือ การก่อตั้ง WTO ขึ้นเมื่อวันที่ 1 มกราคม พ.ศ. 2538 มีสมาชิกเริ่มแรก 81 ประเทศ และมีที่ตั้งอยู่ที่นครเจนีวา ประเทศ สวิตเซอร์แลนด์
ประเทศไทยเข้าเป็นสมาชิก WTO เมื่อวันที่ 28 ธันวาคม 2538 เป็นสมาชิกลำดับที่ 59 มีสถานะเป็นสมาชิกก่อตั้ง ขณะนี้ มีประเทศที่อยู่ระหว่างกระบวนการเข้าเป็นสมาชิก WTO ที่สำคัญ เช่น รัสเซีย เวียดนาม ลาว มูลค่าการค้าระหว่างประเทศสมาชิก WTO ด้วยกันคิดเป็นสัดส่วนกว่าร้อยละ 90 ของการค้าโลก และการขยายตัวของจำนวนสมาชิกจะมีผลให้การค้าระหว่างประเทศสมาชิกขยายตัวเพิ่มขึ้นเป็นลำดับ ปัจจุบัน (ณ เดือนมกราคม 2549) WTO มีสมาชิกอย่างเป็นทางการทั้งสิ้น 149 ประเทศ สมาชิกล่าสุดประกอบด้วย เนปาล กัมพูชา และซาอุดิอารเบีย นอกจากนี้ ตองกา ได้เสร็จสิ้นกระบวนการเข้าสมัครเป็นสมาชิก WTO แล้ว แต่ยังรอการภาคยานุวัติก่อนการเข้าเป็นสมาชิกลำดับที่ 150 อย่างเป็นทางการ</description>
    </item>
    
    <item>
      <title>อาเซียน - จีน (ASEAN - China)</title>
      <link>https://ecs-support.github.io/knowledge-center/customs-clearance/docs/free-trade-area/acn/</link>
      <pubDate>Mon, 01 Jan 0001 00:00:00 +0000</pubDate>
      
      <guid>https://ecs-support.github.io/knowledge-center/customs-clearance/docs/free-trade-area/acn/</guid>
      <description>เขตการค้าเสรีอาเซียน - จีน (ASEAN - China Free Trade Agreement) ความตกลงการค้าเสรีอาเซียน – จีน มีผลใช้บังคับตั้งแต่วันที่ 1 กรกฎาคม 2548 โดยมีสินค้าผักและผลไม้ เป็นสินค้านำร่องที่ไทยกับจีนยกเลิกภาษีนำเข้าแล้ว ตั้งแต่ปี 2546 และทยอยยกเลิกภาษีของสินค้าที่เหลือซึ่งรวมแล้วกว่าร้อยละ 90 ของรายการสินค้าทั้งหมด มีอัตราภาษีนำเข้าเป็นศูนย์ โดยจัดกลุ่มการลดภาษีออกเป็น 4 กลุ่ม ดังนี้
 สินค้านำร่อง ได้แก่ ผัก ผลไม้ สินค้าประมง ผลิตภัณฑ์นมและไข่ เป็นต้น ทั้งสองฝ่ายลดภาษีเหลือศูนย์แล้วตั้งแต่ปี 2549 โดยสินค้าที่ไทยได้ประโยชน์ เช่น ผัก ผลไม้ โดยเฉพาะมันสำปะหลัง ซึ่งมีอัตราการขยายตัวมากกว่าร้อยละ 400 และสินค้าประมง ซึ่งมีอัตราการขยายตัวมากกว่าร้อยละ 290 เป็นต้น
 สินค้าปกติ มีจำนวนร้อยละ 90 ของรายการสินค้าทั้งหมด ทั้งสองฝ่ายลดภาษีเหลือศูนย์แล้วตั้งแต่ ปี 2553 โดยสินค้าที่ไทยได้ประโยชน์ เช่น สตาร์ชทำจากมันสำปะหลัง ซึ่งมีอัตราการขยายตัวมากกว่าร้อยละ 120 ส่วนประกอบเลเซอร์ ซึ่งมีอัตราการขยายตัวมากกว่าร้อยละ 2,000 ของผสมน้ำยางธรรมชาติและน้ำยางสังเคราะห์ ซึ่งมีอัตราการขยายตัวมากกว่าร้อยละ 120 ตัวประมวลผลวงจรอิเล็กทรอนิกส์ ซึ่งมีอัตราการขยายตัวมากกว่า ร้อยละ 110 และเม็ดพลาสติก ซึ่งมีอัตราการขยายตัวมากกว่าร้อยละ 45 เป็นต้น</description>
    </item>
    
    <item>
      <title>อาเซียน-เกาหลี (ASEAN - Korea)</title>
      <link>https://ecs-support.github.io/knowledge-center/customs-clearance/docs/free-trade-area/ak/</link>
      <pubDate>Mon, 01 Jan 0001 00:00:00 +0000</pubDate>
      
      <guid>https://ecs-support.github.io/knowledge-center/customs-clearance/docs/free-trade-area/ak/</guid>
      <description>เขตการค้าเสรีอาเซียน-สาธารณรัฐเกาหลี (ASEAN - Korea Free Trade Agreement) ความเป็นมา ในการประชุมผู้นำอาเซียน-เกาหลี เมื่อวันที่ 8 ตุลาคม 2003 อาเซียนและเกาหลีเห็นชอบให้จัดตั้งคณะผู้เชี่ยวชาญร่วมเพื่อศึกษาการขยายความสัมพันธ์ด้านเศรษฐกิจและการพัฒนาระหว่างอาเซียนและเกาหลี ซึ่งรวมถึงการศึกษาความเป็นไปได้ในการจัดทำเขตการค้าเสรี (Free Trade Area: FTA) และกลุ่มผู้เชี่ยวชาญได้สรุปผลการศึกษา ว่า การจัดทำเขตการค้าเสรีระหว่างอาเซียนและเกาหลีจะเพิ่มมูลค่าการค้าและการลงทุนระหว่างกัน รวมทั้งส่งผลดีต่ออาเซียนและเกาหลีในด้านอื่นๆ ด้วย
ในการประชุมผู้นำอาเซียน-สาธารณรัฐเกาหลี ครั้งที่ 8 (The 8th ASEAN-ROK Summit) เมื่อวันที่ 30 พฤศจิกายน 2004 ณ กรุงเวียงจันทน์ สาธารณรัฐประชาธิปไตยประชาชนลาว ผู้นำอาเซียนและเกาหลีเห็นชอบให้เริ่มการเจรจาจัดทำความตกลงเขตการค้าเสรีอาเซียน-เกาหลี ในช่วงต้นปี 2005 และกำหนดให้สรุปผลเจรจาภายใน 2 ปี (ภายในปี 2006) โดยการเจรจาจะครอบคลุมการเปิดเสรีการค้าสินค้า การค้าบริการ การลงทุน และความร่วมมือทางเศรษฐกิจภายในภูมิภาคอาเซียน-เกาหลี
กลไกการดำเนินการ  จัดตั้งคณะเจรจาการค้าเสรี (ASEAN-Korea Trade Negotiating Committee: TNC) เป็นเวทีหารือระหว่างอาเซียนและเกาหลี และจัดตั้ง ASEAN Trade Negotiating Group (TNG) เป็นเวทีประชุมหารือระหว่างสมาชิกอาเซียน โดยมีสิงคโปร์เป็นประธานฝ่ายอาเซียน
 กำหนดกรอบและเงื่อนไขของการเจรจาการเปิดตลาดสินค้าทั้งในกลุ่มลดภาษีปกติ และกลุ่มสินค้าอ่อนไหว/สินค้าอ่อนไหวสูง</description>
    </item>
    
    <item>
      <title>ไทย-ญี่ปุ่น (JTEPA)</title>
      <link>https://ecs-support.github.io/knowledge-center/customs-clearance/docs/free-trade-area/jtepa/</link>
      <pubDate>Mon, 01 Jan 0001 00:00:00 +0000</pubDate>
      
      <guid>https://ecs-support.github.io/knowledge-center/customs-clearance/docs/free-trade-area/jtepa/</guid>
      <description>ความตกลงหุ้นส่วนเศรษฐกิจที่ใกล้ชิดไทย-ญี่ปุ่น (Japan-Thailand Economic Partnership Agreement: JTEPA) ความเป็นมา : ในระหว่างการประชุม Boao Forum for Asia ณ มณฑลไหหลำ สาธารณรัฐประชาชนจีน เมื่อวันที่ 12 เมษายน 2545 นายกรัฐมนตรีไทยและญี่ปุ่นได้หารือและเห็นควรให้มีการจัดตั้งคณะทำงานร่วม เพื่อศึกษาการเป็นหุ้นส่วนเศรษฐกิจที่ใกล้ชิดไทย-ญี่ปุ่น เพื่อผลักดันความร่วมมือที่ครอบคลุมรอบด้าน ทั้งด้านการค้า การลงทุน อุตสาหกรรม และการพัฒนาทรัพยากรมนุษย์ รวมทั้งการจัดทำความตกลงการค้าเสรี โดยให้ยึดรูปแบบความตกลง Japan-Singapore for a New-Age Economic Partnership Agreement (JSEPA) เป็น ตัวอย่างในการทำความตกลงไทย-ญี่ปุ่น และต่อมา ในวันที่ 11 ธันวาคม 2546 ผู้นำทั้งสองได้พบหารือทวิภาคีและเห็นชอบให้เริ่มการเจรจาอย่างเป็นทางการ เพื่อจัดทำความตกลง JTEPA โดยให้เริ่มการประชุมเจรจาครั้งแรกที่ประเทศไทยในต้นปี 2547
หลังจากทั้งสองฝ่ายได้เจรจาทั้งอย่างเป็นทางการและไม่เป็นทางการมากกว่า 10 ครั้ง ก็สามารถบรรลุผลการเจรจาอย่างสมบูรณ์เมื่อเดือนมิถุนายน 2549 นายกรัฐมนตรี (พลเอกสุรยุทธ์ จุลานนท์) และนายกรัฐมนตรีญี่ปุ่น (นายชินโช อาเบะ) ได้ลงนามความตกลงหุ้นส่วนเศรษฐกิจไทย-ญี่ปุ่น หรือ JTEPA เมื่อวันที่ 3 เมษายน 2550 ณ กรุงโตเกียว โดย JTEPA เริ่มมีผลใช้บังคับตั้งแต่วันที่ 1 พฤศจิกายน 2550 นอกจากนี้ รัฐมนตรีว่าการกระทรวงพาณิชย์ (นายเกริกไกร จีระแพทย์) และรัฐมนตรีว่าการกระทรวงเศรษฐกิจการค้าและอุตสาหกรรมของญี่ปุ่น (นายอากิระ อะมะริ) ได้ลงนามในแถลงการณ์ร่วมกัน เมื่อวันที่ 3 เมษายน 2550 ในการดำเนินโครงการความร่วมมือเพื่อส่งเสริมการค้าและการลงทุน จำนวน 7 เรื่อง ได้แก่ ความร่วมมือเพื่อสนับสนุนครัวไทยสู่โลก ความร่วมมือด้านอุตสาหกรรมเหล็ก อุตสาหกรรมรถยนต์ การอนุรักษ์พลังงาน อุตสาหกรรมสิ่งทอและเครื่องนุ่งห่ม เศรษฐกิจสร้างมูลค่า และหุ้นส่วนภาครัฐและเอกชน</description>
    </item>
    
    <item>
      <title>อาเซียน-ฮ่องกง (ASEAN – Hong Kong)</title>
      <link>https://ecs-support.github.io/knowledge-center/customs-clearance/docs/free-trade-area/ahk/</link>
      <pubDate>Mon, 01 Jan 0001 00:00:00 +0000</pubDate>
      
      <guid>https://ecs-support.github.io/knowledge-center/customs-clearance/docs/free-trade-area/ahk/</guid>
      <description>ความตกลงการค้าเสรีอาเซียน-ฮ่องกง (ASEAN – Hong Kong, China Free Trade Agreement) ความเป็นมา  เมื่อเดือนพฤศจิกายน 2554 ฮ่องกงยื่นหนังสือแสดงเจตจํานงขอเข้าร่วมความตกลงการค้าเสรีอาเซียน-จีน (ACFTA) อย่างเป็นทางการต่อสํานักเลขาธิการอาเซียน ในช่วงการประชุมผู้นําอาเซียน-จีน
 สํานักเลขาธิการอาเซียนได้ว่าจ้าง Singapore&amp;rsquo;s National University ทําการศึกษาผลกระทบต่อประเทศสมาชิกอาเซียนผลการศึกษาเบื้องต้นระบุว่า ในภาพรวมการเข้าเป็นสมาชิก ACFTA ของฮ่องกงจะก่อให้เกิดเป็นประโยชน์ในด้านการเจริญเติบโตทางเศรษฐกิจ Welfare และ Flow ของสินค้าที่จะเข้าสู่ตลาดจีนได้สะดวกขึ้น พร้อมทั้งยังก่อให้เกิดผลทางบวกกับการรวมกลุ่มในภูมิภาค อย่างไรก็ตาม อาเซียนจะได้รับประโยชน์เพิ่มขึ้น จากเดิมเพียงเล็กน้อย หากการเข้าเป็นภาคีของฮ่องกงจะเป็นลักษณะ EqualTreatment (คือจีนจะต้องเปิดตลาดให้อาเซียนเพิ่มเติมจนเท่ากับที่จีนเปิดให้ฮ่องกง) และอาเซียนจะเสียประโยชน์หากจีนเปิดตลาดให้อาเซียนได้เพียงร้อยละ 80 ของที่จีนเปิดให้ฮ่องกง และไทยอาจได้รับผลกระทบในภาคบริการ ด้านการเงิน ธนาคาร และประกันภัย ซึ่งเป็นสาขาที่ฮ่องกงมีศักยภาพ ซึ่งในทางปฏิบัติแล้วคงเป็นไปได้ยากที่จีนจะเปิดตลาดให้กับอาเซียนในระดับดังกล่าว
 ที่ประชุมรัฐมนตรีการค้าอาเซียน (AEM-Retreat) เมื่อวันที่ 8 มีนาคม 2556 ณ ประเทศเวียดนาม มีมติเสนอให้อาเซียนจัดทําเขตการค้าเสรีกับฮ่องกง (ASEAN-Hong Kong FTA) แทนการรับฮ่องกงเข้าเป็นภาคีสมาชิกความตกลงเขตการค้าเสรีอาเซียน-จีน ที่ประชุมผู้นําอาเซียนได้รับรองมติของ AEM ให้อาเซียนจัดทํา เขตการค้าเสรีกับฮ่องกง (ASEAN-Hong Kong FTA) เมื่อวันที่ 25 เมษายน 2556 ณ ประเทศบรูไน</description>
    </item>
    
  </channel>
</rss>