<?xml version="1.0" encoding="utf-8" standalone="yes"?>
<rss version="2.0" xmlns:atom="http://www.w3.org/2005/Atom">
  <channel>
    <title>บริการ on Knowledge Center</title>
    <link>https://ecs-support.github.io/knowledge-center/customs-clearance/docs/service/</link>
    <description>Recent content in บริการ on Knowledge Center</description>
    <generator>Hugo -- gohugo.io</generator>
    
	<atom:link href="https://ecs-support.github.io/knowledge-center/customs-clearance/docs/service/index.xml" rel="self" type="application/rss+xml" />
    
    
    <item>
      <title>e-Tracking</title>
      <link>https://ecs-support.github.io/knowledge-center/customs-clearance/docs/service/e-tracking/</link>
      <pubDate>Mon, 01 Jan 0001 00:00:00 +0000</pubDate>
      
      <guid>https://ecs-support.github.io/knowledge-center/customs-clearance/docs/service/e-tracking/</guid>
      <description>ระบบติดตามสถานะ การผ่านพิธีการศุลกากรทางอินเตอร์เน็ต (e-Tracking) e-Tracking เป็นระบบที่ให้บริการ การติดตามสถานะการผ่านพิธีการศุลกากรทางอินเตอร์เน็ตว่าอยู่ในสถานะใด เช่น ข้อมูลใบขนสินค้าขาเข้า, ใบขนสินค้าขาออก, ข้อมูลบัญชีสินค้าและข้อมูลใบกำกับการขนย้ายสินค้า เป็นต้น เพื่อนำไปใช้ในการวางแผนการทำงานในขั้นต่อไปได้รวดเร็วขึ้น และเป็นการอำนวยความสะดวกแก่ผู้ประกอบการไม่ว่า จะอยู่ ณ สถานที่แห่งใดสามารถสอบถามข้อมูลผ่านอินเตอร์เน็ตได้ตลอดเวลา
ความเป็นมาของโครงการ กรมศุลกากรได้รับมอบหมายจากกระทรวงการคลังให้นำเทคโนโลยีที่ทันสมัยมาใช้ในการพัฒนาระบบการผ่านพิธีการศุลกากรเพื่ออำนวยความสะดวก ในการให้บริการแก้ผู้ประกอบการ ส่งเสริมการค้าระหว่างประเทศ และสร้างมิติใหม่ในการให้บริการของภาครัฐ ดังนั้น กรมศุลกากรจึงได้พัฒนา ระบบการผ่านพิธีการศุลกากรทางอิเล็กทรอนิกส์แบบไร้เอกสาร (Paperless) โดยได้เปิดใช้งานอย่างเต็มรูปแบบสำหรับการส่งออก ที่สำนักงานศุลกากรท่าเรือแหลมฉบังตั้งแต่วันที่ 1 กรกฏาคม 2550 และสำนักงานท่าอากาศยานสุวรรณภูมิ ตั้งแต่วันที่ 1 กันยายน 2550 และด่านศุลกากรต่างๆ ทั่วประเทศ ภายในปี 2550 ในการนำระบบอิเล็กทรอนิกส์มาใช้เพื่อพัฒนาระบบการทำงานและการให้การบริการแก่ประชาชน ถือเป็นพัฒนาการหนึ่งเพื่อก้าวเข้าสู่ระบบ e-Government และเป็นอีกขั้นหนึ่งของการให้บริการของภาครัฐที่สอดรับกับโลกยุคโลกาภิวัฒน์ ในเบื้องต้นทุกหน่วยงาน จะต้องมีเว็บไซต์เพื่อเป็นช่องทางใน การบริการข้อมูล ปัจจุบัน Web Site ของกรมศุลกากร (www.customs.go.th) ได้ให้บริการเผยแพร่ข้อมูล ข่าวสาร และประกาศต่างๆ ให้กับประชาชนทั่วไป
เนื่องจากข้อมูลการนำเข้า-ส่งออก มีความสำคัญต่อสภาวะเศรษฐกิจที่สามารถบ่งชี้ถึงสภาวะการค้าและการลงทุนของประเทศ หากผู้ประกอบการสามารถติดตาม สถานะ การทำงานในการผ่านพิธีการศุลกากรทางอินเตอร์เน็ตว่าอยู่ในสถานะใด เพื่อนำไปใช้ในการวางแผนการทำงานขั้นตอนต่อไปได้รวดเร็วขึ้น และลดค่าใช้จ่าย จะทำให้ผู้ประกอบการสามารถแข่งขันกับประเทศต่างๆ ได้ กรมศุลกากร จึงจัดทำระบบการติดตามสถานะ การผ่านพิธีการศุลกากรทางอินเตอร์เนต (e-Tracking) ซึ่งเป็นอีกบริการที่จัดทำสนับสนุนระบบการผ่านพิธีการศุลกากรทางอิเล็กทรอนิกส์แบบไร้เอกสาร (Paperless) ให้มีความสมบูรณ์ยิ่งขึ้น และอำนวยความสะดวกให้กับประกอบการนำเข้าและส่งออก ผ่านระบบอิเล็กทรอนิกส์ทั้งขบวนการ</description>
    </item>
    
    <item>
      <title>National Single Window (NSW)</title>
      <link>https://ecs-support.github.io/knowledge-center/customs-clearance/docs/service/thai-nsw/</link>
      <pubDate>Mon, 01 Jan 0001 00:00:00 +0000</pubDate>
      
      <guid>https://ecs-support.github.io/knowledge-center/customs-clearance/docs/service/thai-nsw/</guid>
      <description>ระบบ National Single Window (NSW) ระบบ National Single Window (NSW) เป็นระบบการบริการเชื่อมโยงข้อมูลหน่วยงานภาครัฐและภาคธุรกิจ (G2G,G2B และ B2B) สำหรับการเข้า ส่งออก และโลจิสติกส์ รองรับการเชื่อมโยงข้อมูลระหว่างประเทศสมาชิกอาเซียน และประเทศในภูมิภาคอื่นๆ ซึ่งเป็นระบบบริการแบบอัตโนมัติและกึ่งอัตโนมัติควบคู่ไปกับการปฏิรูปกระบวนการและขั้นตอนการให้บริการ และการลดรูปเอกสาร โดยอำนวยความสะดวกให้ผู้ใช้บริการสามารถทำธุรกรรมทางอิเล็กทรอนิกส์กับหน่วยงานภาครัฐ และภาคธุรกิจทางอิเล็กทรอนิกส์แบบปลอดภัยและไร้เอกสาร รวมถึงการใช้ข้อมูลร่วมกันกับทุกองค์กรที่เกี่ยวข้อง และการเชื่อมโยงข้อมูลใบอนุญาตและใบรับรองระหว่างหน่วยงานภาครัฐภายในประเทศและระหว่างประเทศ โดยผู้ใช้บริการทั้งภาครัฐและภาคธุรกิจสามารถติดตามผลในทุกๆ ขั้นตอนของการดำเนินงานนำเข้า ส่งออกและการอนุมัติต่างๆผ่านทางอินเทอร์เน็ตได้ (e-Tracking) ทุกวันและตลอดเวลา 24 ชั่วโมง
กำเนิดระบบ National Single Window (NSW) ของประเทศ กรมศุลกากร ได้เริ่มนำแนวคิดของ Single Window มาประยุกต์ใช้สำหรับการนำเข้าการส่งออกมาตั้งแต่ปี 2541 โดยพัฒนาบริการศุลกากรจากระบบเอกสารกระดาษเป็นระบบการแลกเปลี่ยนเอกสารในรูปแบบ อิเล็กทรอนิกส์ หรือ Electronic Data Interchange: EDI และสามารถให้บริการระบบ EDI ทั่วประเทศในปี พ.ศ. 2543 ซึ่งระบบดังกล่าวเป็นส่วนหนึ่งของการพัฒนาระบบ National Single Window (NSW) ของประเทศไทยที่มีการเชื่อมโยงข้อมูลระหว่างกรมศุลกากรและผู้นำเข้า ผู้ส่งออก ตัวแทนออกของ ตัวแทนผู้รับขนส่งสินค้า บริษัทเรือ สายการบิน และธนาคารต่างๆ และต่อมาพัฒนาเป็นระบบศุลกากรอิเล็กทรอนิกส์ไร้เอกสาร (e-Customs) ให้บริการ ทั่วประเทศตั้งแต่เดือนกรกฎาคม 2551 ซึ่งเป็นความสำเร็จส่วนหนึ่งของการพัฒนาระบบ NSW ของประเทศ และส่งผลให้การจัดอันดับของธนาคารโลกเกี่ยวกับการอำนวยความสะดวกทางด้านการค้าระหว่างประเทศของไทยดี มากขึ้นตามลำดับ มติคณะรัฐมนตรีลงวันที่ 6 ธันวาคม พ.</description>
    </item>
    
  </channel>
</rss>