<?xml version="1.0" encoding="utf-8" standalone="yes"?>
<rss version="2.0" xmlns:atom="http://www.w3.org/2005/Atom">
  <channel>
    <title>เลขทะเบียนสิทธิประโยชน์ทางภาษีอากร on Knowledge Center</title>
    <link>https://ecs-support.github.io/knowledge-center/customs-clearance/docs/tax-incentive/tax-incentive_guide/incentive-registration-no/</link>
    <description>Recent content in เลขทะเบียนสิทธิประโยชน์ทางภาษีอากร on Knowledge Center</description>
    <generator>Hugo -- gohugo.io</generator>
    
	<atom:link href="https://ecs-support.github.io/knowledge-center/customs-clearance/docs/tax-incentive/tax-incentive_guide/incentive-registration-no/index.xml" rel="self" type="application/rss+xml" />
    
    
  </channel>
</rss>