<?xml version="1.0" encoding="utf-8" standalone="yes"?>
<rss version="2.0" xmlns:atom="http://www.w3.org/2005/Atom">
  <channel>
    <title>Posts on Knowledge Center</title>
    <link>https://ecs-support.github.io/knowledge-center/customs-clearance/posts/</link>
    <description>Recent content in Posts on Knowledge Center</description>
    <generator>Hugo -- gohugo.io</generator>
    <lastBuildDate>Sun, 28 Sep 2014 00:00:00 +0000</lastBuildDate>
    
	<atom:link href="https://ecs-support.github.io/knowledge-center/customs-clearance/posts/index.xml" rel="self" type="application/rss+xml" />
    
    
    <item>
      <title>ข้อมูลทางวิชาการ</title>
      <link>https://ecs-support.github.io/knowledge-center/customs-clearance/posts/announce/</link>
      <pubDate>Mon, 01 Jan 0001 00:00:00 +0000</pubDate>
      
      <guid>https://ecs-support.github.io/knowledge-center/customs-clearance/posts/announce/</guid>
      <description>ข้อมูลทางวิชาการ พระราชบัญญัติศุลกากร พ.ศ. 2560 (คำแปลภาษาอังกฤษ) CUSTOMS ACT B.E. 2560 (2017)
คำศัพท์ภาษาอังกฤษตามพระราชบัญญัติศุลกากร 2560
พระราชบัญญัติศุลกากร พ.ศ. 2560
พระราชบัญญัติ การรับขนของทางถนนระหว่างประเทศ
พระราชบัญญัติการขนส่งต่อเนื่องหลายรูปแบบ พ.ศ. ๒๕๔๘
พระราชบัญญัติการรับขนของทางทะเล พ.ศ. ๒๕๓๔
พระราชบัญญัติการรับขนทางอากาศระหว่างประเทศ พ.ศ. ๒๕๕๘
การปฏิบัติพิธีการศุลกากรทางอิเล็กทรอนิกส์สำหรับการเชื่อมโยงข้อมูล NSW
การผ่อนผันให้จัดรวมรายการสินค้าในใบขนสินค้าขาเข้า
การยกเว้นอากรสำหรับของส่วนตัวและของใช้ในบ้านเรือน (ตอนที่ 1)
การยกเว้นอากรสำหรับของส่วนตัวและของใช้ในบ้านเรือน (ตอนที่ 2)
ประกาศกระทรวงพาณิชย์ การแก้ไขพิกัดอัตราศุลกากรฯ ฉ2 2555 พศ2556
ประมวลกฎหมายวิธีพิจารณาความอาญา
ประมวลกฎหมายวิธีพิจารณาความแพ่ง
พระราชบัญญัติการอํานวยความสะดวกในการอนุญาตของทางราชการ พ.ศ.2558
คู่มือฯ การตรวจสอบและออกใบรับรองฯ 2560
พ.ร.บ. วิธีปฏิบัติราชการทางปกครอง พ.ศ. 2557
เรื่อง การลดอัตราอากรและยกเว้นอากรศุลกากร 2530
E -Register
E -Tracking
E-Bill Payment
ระเบียบปฏิบัติเกี่ยวกับตัวแทนออกของหรือผู้ปฏิบัติงานกับกรมศุลกากร
๑.กฎกระทรวงกำหนดด่านศุลกากรและด่านพรมแดน พ.ศ. ๒๕๖๐
๒.กฎกระทรวงกำหนดค่าธรรมเนียมและยกเว้นค่าธรรมเนียม พ.ศ. ๒๕๖๐
๓.กฎกระทรวงกำหนดการยื่นใบขนสินค้าและการเสียอากรสำหรับก๊าซธรรมชาติและพลังงานไฟฟ้าที่นำเข้ามาในหรือส่งออกไปนอกราชอาณาจักร พ.ศ. ๒๕๖๐</description>
    </item>
    
    <item>
      <title>Creating a New Theme</title>
      <link>https://ecs-support.github.io/knowledge-center/customs-clearance/posts/creating-a-new-theme/</link>
      <pubDate>Sun, 28 Sep 2014 00:00:00 +0000</pubDate>
      
      <guid>https://ecs-support.github.io/knowledge-center/customs-clearance/posts/creating-a-new-theme/</guid>
      <description>Introduction This tutorial will show you how to create a simple theme in Hugo. I assume that you are familiar with HTML, the bash command line, and that you are comfortable using Markdown to format content. I&amp;rsquo;ll explain how Hugo uses templates and how you can organize your templates to create a theme. I won&amp;rsquo;t cover using CSS to style your theme.
We&amp;rsquo;ll start with creating a new site with a very basic template.</description>
    </item>
    
    <item>
      <title>Migrate to Hugo from Jekyll</title>
      <link>https://ecs-support.github.io/knowledge-center/customs-clearance/posts/migrate-from-jekyll/</link>
      <pubDate>Mon, 10 Mar 2014 00:00:00 +0000</pubDate>
      
      <guid>https://ecs-support.github.io/knowledge-center/customs-clearance/posts/migrate-from-jekyll/</guid>
      <description>Move static content to static Jekyll has a rule that any directory not starting with _ will be copied as-is to the _site output. Hugo keeps all static content under static. You should therefore move it all there. With Jekyll, something that looked like
▾ &amp;lt;root&amp;gt;/ ▾ images/ logo.png  should become
▾ &amp;lt;root&amp;gt;/ ▾ static/ ▾ images/ logo.png  Additionally, you&amp;rsquo;ll want any files that should reside at the root (such as CNAME) to be moved to static.</description>
    </item>
    
    <item>
      <title>(Hu)go Template Primer</title>
      <link>https://ecs-support.github.io/knowledge-center/customs-clearance/posts/goisforlovers/</link>
      <pubDate>Wed, 02 Apr 2014 00:00:00 +0000</pubDate>
      
      <guid>https://ecs-support.github.io/knowledge-center/customs-clearance/posts/goisforlovers/</guid>
      <description>Hugo uses the excellent Go html/template library for its template engine. It is an extremely lightweight engine that provides a very small amount of logic. In our experience that it is just the right amount of logic to be able to create a good static website. If you have used other template systems from different languages or frameworks you will find a lot of similarities in Go templates.
This document is a brief primer on using Go templates.</description>
    </item>
    
    <item>
      <title>Getting Started with Hugo</title>
      <link>https://ecs-support.github.io/knowledge-center/customs-clearance/posts/hugoisforlovers/</link>
      <pubDate>Wed, 02 Apr 2014 00:00:00 +0000</pubDate>
      
      <guid>https://ecs-support.github.io/knowledge-center/customs-clearance/posts/hugoisforlovers/</guid>
      <description>Step 1. Install Hugo Go to Hugo releases and download the appropriate version for your OS and architecture.
Save it somewhere specific as we will be using it in the next step.
More complete instructions are available at Install Hugo
Step 2. Build the Docs Hugo has its own example site which happens to also be the documentation site you are reading right now.
Follow the following steps:
 Clone the Hugo repository Go into the repo Run hugo in server mode and build the docs Open your browser to http://localhost:1313  Corresponding pseudo commands:</description>
    </item>
    
  </channel>
</rss>