<?xml version="1.0" encoding="utf-8" standalone="yes"?>
<rss version="2.0" xmlns:atom="http://www.w3.org/2005/Atom">
  <channel>
    <title>สิทธิประโยชน์ทางภาษีอากร on Knowledge Center</title>
    <link>https://ecs-support.github.io/knowledge-center/customs-clearance/docs/tax-incentive/</link>
    <description>Recent content in สิทธิประโยชน์ทางภาษีอากร on Knowledge Center</description>
    <generator>Hugo -- gohugo.io</generator>
    
	<atom:link href="https://ecs-support.github.io/knowledge-center/customs-clearance/docs/tax-incentive/index.xml" rel="self" type="application/rss+xml" />
    
    
    <item>
      <title>การคืนอากรตามมาตรา 29</title>
      <link>https://ecs-support.github.io/knowledge-center/customs-clearance/docs/tax-incentive/section_29/</link>
      <pubDate>Mon, 01 Jan 0001 00:00:00 +0000</pubDate>
      
      <guid>https://ecs-support.github.io/knowledge-center/customs-clearance/docs/tax-incentive/section_29/</guid>
      <description>การคืนอากรตามมาตรา 29 การคืนอากรตามมาตรา 29 แห่งพระราชบัญญัติศุลกากร พ.ศ.2560 เป็นการคืนเงินอากรขาเข้าที่ผู้นำของเข้า (ผู้มีสิทธิขอคืนอากร) ที่ได้ชำระไว้ด้วยเงินสดและ/หรือ ใช้หนังสือค้ำประกันของธนาคาร หรือระบบ e-Guarantee หรือ หนังสือค้ำประกันของกระทรวงการคลัง วางประกันแทนการชำระอากรขาเข้าด้วยเงินสด สำหรับของที่นำเข้ามาจากต่างประเทศ เพื่อใช้ผลิต หรือผสม หรือประกอบ หรือบรรจุ หรือดำเนินการด้วยวิธีอื่นใด เป็นของที่ส่งออกไปนอกราชอาณาจักรภายใน 1 ปี นับแต่วันที่นำของเข้ามาในราชอาณาจักร และต้องยื่นขอคืนอากร ภายใน 6 เดือน นับแต่วันที่ส่งของออกไป
ทั้งนี้ ของที่นำเข้ามาในราชอาณาจักรเพื่อใช้ในการผลิต ผสม ประกอบ บรรจุ หรือดำเนินการด้วยวิธีอื่นใดตามมาตรา 29 หากโอนเข้าไปในคลังสินค้าทัณฑ์บน หรือจำหน่ายให้แก่ผู้มีสิทธิได้รับยกเว้นอากรตามกฎหมายว่าด้วยพิกัดอัตราศุลกากร หรือกฎหมายอื่น เช่น ตามกฎหมายส่งเสริมการลงทุน ตามกฎหมายการนิคมอุตสาหกรรม เป็นต้น ตามนัยข้อกฎหมายถือว่าของนั้นได้ส่งออกตามมาตรา 29 ในเวลาที่โอนหรือจำหน่ายเป็นการอำนวยความสะดวกแก่ผู้ประกอบการตามมาตรา 29 ที่จะให้ได้รับการคืนอากรสำหรับของที่นำเข้า แม้ไม่ได้ส่งออกนอกราชอาณาจักรซึ่งใช้บังคับเฉพาะกรณีโอนหรือจำหน่ายสินค้าสำเร็จรูป/กึ่งสำเร็จรูปเท่านั้น ดังนั้นผู้นำของเข้าตามมาตรา 29 สามารถยื่นขอคืนอากรสำหรับของเช่นว่านั้นได้ตามระเบียบที่อธิบดีกำหนด
ของที่ได้รับคืนอากรตามมาตรา 29  วัตถุดิบที่เห็นได้ชัดเจนว่ามีอยู่ในของที่ผลิตเพื่อส่งออก เช่น ผ้า กระดุม ซิป ด้าย ในผลิตภัณฑ์เสื้อผ้าสำเร็จรูป เม็ดพลาสติก แผ่นพลาสติก ในผลิตภัณฑ์ประเภทพลาสติก เป็นต้น
 วัตถุดิบที่ใช้การผลิตโดยตรงที่มีอยู่ในของที่ผลิตเพื่อส่งออก แต่ไม่ปรากฏให้เห็นอย่างชัดเจน เช่นเคมีภัณฑ์ที่ใช้รักษาสภาพอาหารในผลิตภัณฑ์ประเภทอาหารกระป๋อง เคมีภัณฑ์ชนิดสเปรย์ที่ใช้ฉีดคอเสื้อให้แข็งในผลิตภัณฑ์เสื้อผ้าสำเร็จรูป ตัวทำละลาย (Solvent) ที่ใช้ผสมกาวในผลิตภัณฑ์ประเภทเซโลเฟน (Cellophane) น้ำยากันสนิมในผลิตภัณฑ์ประเภทวงจรไฟฟ้า(I.</description>
    </item>
    
    <item>
      <title>คลังสินค้าทัณฑ์บน</title>
      <link>https://ecs-support.github.io/knowledge-center/customs-clearance/docs/tax-incentive/bond/</link>
      <pubDate>Mon, 01 Jan 0001 00:00:00 +0000</pubDate>
      
      <guid>https://ecs-support.github.io/knowledge-center/customs-clearance/docs/tax-incentive/bond/</guid>
      <description>คลังสินค้าทัณฑ์บน (Bonded Warehouse) จัดตั้งขึ้นเพื่อประโยชน์ในการเก็บรักษาของที่นำเข้าจากต่างประเทศ การบรรจุหรือแบ่งบรรจุ การขนถ่ายสินค้า การกระจายสินค้า และเพื่อกิจการอื่น ๆ ที่อธิบดีกรมศุลกากรเห็นสมควรอันจะเป็นการช่วยสนับสนุนการผลิต การประกอบอุตสาหกรรม และการค้าระหว่างประเทศให้มีประสิทธิภาพมากยิ่งขึ้น
ประเภททั่วไปคลังสินค้าทัณฑ์บนทั่วไป คุณสมบัติของผู้ขอรับใบอนุญาตจัดตั้งคลังสินค้าทัณฑ์บนทั่วไป  เป็นรัฐวิสาหกิจ ส่วนราชการ หรือบริษัทหรือห้างหุ้นส่วนนิติบุคคลที่มีทุนจดทะเบียนและมีฐานะทางการเงินที่มั่นคง โดยผลการดำเนินงานตามที่ปรากฏในงบการเงิน ไม่มียอดขาดทุนสะสม ซึ่งจะต้องมีคุณสมบัติ ดังนี้
 สถานที่ขอจัดตั้งคลังสินค้าทัณฑ์บน ตั้งอยู่ในเขตพื้นที่กรุงเทพมหานคร นนทบุรี ปทุมธานี นครปฐม สมุทรปราการ สมุทรสาคร และฉะเชิงเทรา ต้องมีทุนจดทะเบียนชำระแล้วไม่ต่ำกว่า 20 ล้านบาท หรือมีทุนจดทะเบียนชำระแล้วในจำนวนที่อธิบดีเห็นว่าเหมาะสมกับประเภทกิจการ สถานที่ขอจัดตั้งคลังสินค้าทัณฑ์บน ตั้งอยู่ในเขตพื้นที่อื่นนอกเหนือจาก 1.1 ต้องมีทุนจดทะเบียนชำระแล้วไม่ต่ำกว่า 10 ล้านบาท หรือมีทุนจดทะเบียนชำระแล้วในจำนวนที่อธิบดีเห็นว่าเหมาะสมกับประเภทกิจการ กรณีตั้งอยู่ในเขตพัฒนาเศรษฐกิจพิเศษ ต้องมีทุนจดทะเบียนชำระแล้วไม่ต่ำกว่า 5 ล้านบาท หรือมีทุนจดทะเบียนชำระแล้ว ในจำนวนที่อธิบดีเห็นว่าเหมาะสมกับประเภทกิจการ
  มีกรรมสิทธิ์ สิทธิครอบครอง หรือสิทธิในการใช้พื้นที่ที่ขอจัดตั้งโดยชอบด้วยกฎหมาย หรือในกรณีที่ดินที่ขอจัดตั้งมีการจดทะเบียนจำนอง ผู้รับจำนองจะต้องมีหนังสือยินยอมให้ดำเนินการจัดตั้งคลังสินค้าทัณฑ์บนได้
 ไม่เคยมีประวัติการกระทำความผิดอย่างร้ายแรงตามกฎหมายว่าด้วยศุลกากรและกฎหมายอื่นที่เกี่ยวข้องกับการศุลกากรย้อนหลัง 3 ปีนับแต่วันยื่นคำขอ ทั้งนี้ การกระทำความผิดอย่างร้ายแรงตามกฎหมาย ให้หมายความถึง การกระทำความผิดใด ๆ ก็ตามที่กฎหมายได้บัญญัติให้ต้องรับโทษจำคุกรวมอยู่ด้วย
 ไม่เป็นผู้อยู่ระหว่างถูกสั่งพักใช้ใบอนุญาตประเภทที่ได้ยื่นขออนุญาต</description>
    </item>
    
    <item>
      <title>เขตปลอดอากร (Freezone)</title>
      <link>https://ecs-support.github.io/knowledge-center/customs-clearance/docs/tax-incentive/freezone/</link>
      <pubDate>Mon, 01 Jan 0001 00:00:00 +0000</pubDate>
      
      <guid>https://ecs-support.github.io/knowledge-center/customs-clearance/docs/tax-incentive/freezone/</guid>
      <description>เขตปลอดอากร (Freezone) เขตปลอดอากร คือ เขตพื้นที่ที่กำหนดไว้ เพื่อประโยชน์ทางอากรศุลกากรในการประกอบอุตสาหกรรม พาณิชยกรรม หรือกิจการอื่นที่เป็นประโยชน์แก่การเศรษฐกิจของประเทศ โดยผู้ที่ประสงค์จะจัดตั้งเขตปลอดอากรต้องได้รับใบอนุญาตจากอธิบดี
ผู้ได้รับใบอนุญาตประกอบกิจการในเขตปลอดอากร คือ ผู้ที่ได้รับอนุญาตจากอธิบดีให้ประกอบอุตสาหกรรม พาณิชยกรรม หรือกิจการอื่นใดที่เป็นประโยชน์แก่การเศรษฐกิจของประเทศในเขตปลอดอากร
สิทธิประโยชน์ในเขตปลอดอากร  ได้รับยกเว้นอากรขาเข้า สำหรับของที่นำเข้ามาในราชอาณาจักรเพื่อเข้าไปในเขตปลอดอากรในกรณี ดังนี้
 เครื่องจักร อุปกรณ์ เครื่องมือเครื่องใช้ รวมทั้งส่วนประกอบแห่งของดังกล่าวที่จำเป็นต่อการประกอบกิจการ โดยให้รวมถึงของที่ใช้ในการสร้าง ประกอบหรือติดตั้งโรงงานหรืออาคารในเขตปลอดอากร ของที่นำเข้ามาเพื่อใช้ในการประกอบอุตสาหกรรม พาณิชยกรรม หรือกิจการอื่นใด ที่เป็นประโยชน์แก่การเศรษฐกิจของประเทศ หรือ ของที่ปล่อยออกมาจากเขตปลอดอากรอื่น  ได้รับยกเว้นอากรขาออก สำหรับของที่ปล่อยออกไปจากเขตปลอดอากรเพื่อส่งออกไปนอกราชอาณาจักร
 ในกรณีที่มีกฎหมายบัญญัติให้ของใดได้รับยกเว้นหรือคืนอากรเมื่อส่งออกไปนอกราชอาณาจักร หากนำของนั้นเข้าไปในเขตปลอดอากร ให้ได้รับยกเว้นหรือคืนอากร โดยให้ถือว่าของนั้นได้ส่งออกไปนอกราชอาณาจักรในเวลาที่ได้นำของนั้นเข้าไปในเขตปลอดอากร
 ได้รับการยกเว้นไม่อยู่ภายใต้บังคับของกฎหมายในส่วนที่เกี่ยวกับการควบคุมการนำเข้ามาในราชอาณาจักร การส่งออกไปนอกราชอาณาจักร การครอบครองหรือการใช้ประโยชน์ซึ่งของที่นำเข้ามาในราชอาณาจักร หรือวัตถุดิบภายในราชอาณาจักร ซึ่งนำเข้าไปในเขตปลอดอากร เพื่อผลิต ผสม ประกอบ บรรจุ หรือดำเนินการด้วยวิธีอื่นใดกับของนั้น โดยมีวัตถุประสงค์เพื่อส่งออกไปนอกราชอาณาจักร สำหรับผู้ประกอบกิจการในเขตปลอดอากรในพื้นที่ต่อไปนี้
 เขตปลอดอากร ณ สนามบินดอนเมือง สนามบินสุวรรณภูมิ และสนามบินอู่ตะเภา เขตปลอดอากรที่จัดตั้งในพื้นที่เขตพัฒนาเศรษฐกิจพิเศษ เขตปลอดอากรที่จัดตั้งในพื้นที่ระเบียงเศรษฐกิจพิเศษภาคตะวันออก   พิธีการศุลกากรของเขตปลอดอากร  การนำของเข้าเก็บในเขตปลอดอากร
 การนำของเข้าจากต่างประเทศ – ให้จัดทำใบขนสินค้า Type 0 และระบุการใช้สิทธิประโยชน์ของเขตปลอดอากรในใบขนสินค้าด้วย การรับโอนของจากสิทธิประโยชน์ทางภาษีอากรอื่น เช่นรับโอนของตามมาตรา 29/คลังสินค้าทัณฑ์บน/เขตปลอดอากรอื่น/เขตประกอบการเสรี/ของที่ได้รับการส่งเสริมบีโอไอ – ให้จัดทำใบขนสินค้า Type D และระบุการใช้สิทธิประโยชน์ของเขตปลอดอากรในใบขนสินค้าด้วย การนำของจากภายในประเทศ – ให้จัดทำคำร้องแบบกศก.</description>
    </item>
    
    <item>
      <title>เขตประกอบการเสรี</title>
      <link>https://ecs-support.github.io/knowledge-center/customs-clearance/docs/tax-incentive/ieat/</link>
      <pubDate>Mon, 01 Jan 0001 00:00:00 +0000</pubDate>
      
      <guid>https://ecs-support.github.io/knowledge-center/customs-clearance/docs/tax-incentive/ieat/</guid>
      <description>เขตประกอบการเสรี (FREETRADE ZONE) หลักการทั่วไป พระราชบัญญัติการนิคมอุตสาหกรรมแห่งประเทศไทย พ.ศ. 2522 ได้มีการจัดตั้ง การนิคมอุตสาหกรรมแห่งประเทศไทยขึ้นเป็นรัฐวิสาหกิจสังกัดกระทรวงอุตสาหกรรมมีชื่อย่อว่า &amp;ldquo;กนอ.&amp;rdquo; มีวัตถุประสงค์ในการจัดตั้งหลายประการ โดยเริ่มจากการจัดหาที่ดินที่เหมาะสมเพื่อจัดตั้ง หรือขยายนิคมอุตสาหกรรม หรือเพื่อดำเนินธุรกิจอื่นที่จะเป็นประโยชน์ ดำเนินการปรับปรุงที่ดินเพื่อให้บริการ ตลอดจนจัดสิ่งอำนวยความสะดวกในการดำเนินงาน รวมทั้งสาธารณูปโภคต่างๆให้แก่ผู้ประกอบกิจการอุตสาหกรรมในเขตนิคมอุตสาหกรรม พื้นที่เขตนิคมอุตสาหกรรมแบ่งออกเป็น 2 ลักษณะ คือ
 พื้นที่เขตอุตสาหกรรมทั่วไป อันเป็นเขตพื้นที่ที่กำหนดไว้สำหรับการประกอบอุตสาหกรรมและกิจการอื่นที่เป็นประโยชน์หรือเกี่ยวเนื่องกับการประกอบอุตสาหกรรม พื้นที่เขตประกอบการเสรี (เขตอุตสาหกรรมส่งออกเดิม) อันเป็นเขตพื้นที่ที่กำหนดไว้สำหรับ การประกอบอุตสาหกรรม พาณิชยกรรม หรือกิจการอื่นที่เกี่ยวเนื่องกับการประกอบอุตสาหกรรมหรือ พาณิชยกรรม เพื่อประโยชน์ในทางเศรษฐกิจ การรักษาความมั่นคงของรัฐ สวัสดิภาพของประชาชน การจัดการด้านสิ่งแวดล้อม หรือความจำเป็นอื่นตามที่คณะกรรมการกำหนด โดยของที่เข้าไปในเขตดังกล่าวจะได้รับสิทธิประโยชน์ทางภาษีอากร และค่าธรรมเนียมเพิ่มขึ้นตามที่กฎหมายบัญญัติ  ในปัจจุบันเขตประกอบการเสรี ที่มีสำนักงานศุลกากรตั้งอยู่มี 12 แห่ง ได้แก่
 นิคมอุตสาหกรรมลาดกระบัง (กรุงเทพฯ) นิคมอุตสาหกรรมบางปู (สมุทรปราการ) นิคมอุตสาหกรรมภาคเหนือ (ลำพูน) นิคมอุตสาหกรรมแหลมฉบัง (ชลบุรี) นิคมอุตสาหกรรมเหมราช (ชลบุรี) นิคมอุตสาหกรรมบ้านหว้า (อยุธยา) นิคมอุตสาหกรรมบางปะอิน (อยุธยา) นิคมอุตสาหกรรมเกตเวย์ซิตี้ (ฉะเชิงเทรา) นิคมอุตสาหกรรมส่งออกภาคใต้ (สงขลา) นิคมอุตสาหกรรมพิจิตร (พิจิตร) นิคมอุตสาหกรรมอัญธานี (กรุงเทพฯ) นิคมอุตสาหกรรมทีเอฟดี (ฉะเชิงเทรา) เพื่อการส่งเสริมการส่งออกแก่ผู้ประกอบการทั้งในเขตอุตสาหกรรมทั่วไป และเขตประกอบการเสรี การนิคมอุตสาหกรรมแห่งประเทศไทยได้ให้สิทธิประโยชน์ทางด้านภาษีอากรแก่ผู้ประกอบการในเขตประกอบการเสรี และเขตอุตสาหกรรมทั่วไปของการนิคมอุตสาหกรรมแห่งประเทศไทย โดยกรมศุลกากรจะเป็นผู้กำหนดระเบียบปฏิบัติสำหรับการปฏิบัติในเขตประกอบการเสรีตามบทบาทหน้าที่ในการควบคุมดูแล และรับผิดชอบในเรื่องภาษีอากรของรัฐ   กฎหมายและระเบียบที่เกี่ยวข้องกับเขตประกอบการเสรี  พระราชบัญญัติการนิคมอุตสาหกรรมแห่งประเทศไทย พ.</description>
    </item>
    
    <item>
      <title>การชดเชยค่าภาษีอากร</title>
      <link>https://ecs-support.github.io/knowledge-center/customs-clearance/docs/tax-incentive/compensate/</link>
      <pubDate>Mon, 01 Jan 0001 00:00:00 +0000</pubDate>
      
      <guid>https://ecs-support.github.io/knowledge-center/customs-clearance/docs/tax-incentive/compensate/</guid>
      <description>การชดเชยค่าภาษีอากรสำหรับสินค้าส่งออกที่ผลิตในราชอาณาจักร การชดเชยค่าภาษีอากรคำจำกัดความที่สำคัญในการชดเชยค่าภาษีอากร  คำว่า &amp;ldquo;สินค้า&amp;rdquo; หมายความว่า สินค้าที่ผลิตในราชอาณาจักร คำว่า &amp;ldquo;ผลิต&amp;rdquo; หมายความว่า ประกอบ แปรรูป แปรสภาพ หรือทำการอย่างใดอย่างหนึ่งให้มีขึ้น ซึ่งสินค้าไม่ว่าด้วยวิธีใดๆ คำว่า &amp;ldquo;เงินชดเชย&amp;rdquo; หมายความว่า เงินที่จะจ่ายชดเชยค่าภาษีอากรซึ่งมีอยู่ในต้นทุนการผลิตสินค้าส่งออกให้แก่ผู้มีสิทธิได้รับเงินชดเชยในรูปของบัตรภาษีตามพระราชบัญญัติชดเชยค่าภาษีอากรสินค้าส่งออกที่ผลิตในราชอาณาจักร พ.ศ. 2524 คำว่า &amp;ldquo;อัตราเงินชดเชยค่าภาษีอากร&amp;rdquo; หมายความว่า อัตราเงินชดเชยสำหรับชนิดและประเภทสินค้าที่จะได้รับเงินชดเชยค่าภาษีอากรตามที่คณะกรรมการพิจารณาชดเชยค่าภาษีอากรสินค้าส่งออกที่ผลิตในราชอาณาจักรได้ประกาศในราชกิจจานุเบกษา คำว่า &amp;ldquo;การส่งสินค้าออก&amp;rdquo; หมายความว่า การส่งของออกตามกฎหมายว่าด้วยศุลกากร รวมถึงการขายสินค้าภายในประเทศให้แก่ส่วนราชการหรือรัฐวิสาหกิจตามโครงการเงินกู้หรือเงินช่วยเหลือจากต่างประเทศ และการขายสินค้าให้แก่องค์การระหว่างประเทศหรือหน่วยงานที่มีสิทธินำสินค้าเข้ามาในราชอาณาจักรโดยได้รับการยกเว้นอากรตามกฎหมายว่าด้วยพิกัดอัตราศุลกากร  ผู้มีสิทธิได้รับเงินชดเชยค่าภาษีอากร  ผู้ทำการส่งออกตามกฎหมายว่าด้วยศุลกากร หรือผู้ที่ขายสินค้าภายในประเทศให้แก่ ส่วนราชการหรือรัฐวิสาหกิจตามโครงการเงินกู้หรือเงินช่วยเหลือจากต่างประเทศ หรือผู้ที่ขายสินค้าให้แก่องค์การระหว่างประเทศหรือหน่วยงานที่มีสิทธินำสินค้านั้นเข้ามาในราชอาณาจักรโดยได้รับการยกเว้นอากรตามกฎหมายว่าด้วยพิกัดอัตราศุลกากร ผู้มีสิทธิได้รับเงินชดเชยจะต้องไม่ได้ใช้สิทธิคืนหรือยกเว้นหรือลดหย่อนภาษีอากร ตามกฎหมายศุลกากรและกฎหมายอื่นสำหรับสินค้าส่งออก การส่งออกไปจำหน่ายยังต่างประเทศต้องปฏิบัติให้ถูกต้องครบถ้วนตามกฎหมายศุลกากรและได้รับชำระเงินค่าขายสินค้าจากต่างประเทศ ถ้าหากเป็นการส่งออกเพื่อวัตถุประสงค์อื่นที่ไม่ใช่ทางการค้าเช่น การส่งออกเพียงเพื่อเป็นตัวอย่าง หรือเพื่อการวิเคราะห์ หรือเพื่อการอื่นที่มิได้จำหน่าย ไม่สามารถขอรับเงินชดเชยได้  ผู้ไม่มีสิทธิได้รับเงินชดเชยค่าภาษีอากร ผู้ไม่มีสิทธิได้รับเงินชดเชยค่าภาษีอากร ได้แก่ผู้ส่งออกที่ได้ใช้สิทธิขอคืนหรือยกเว้นหรือลดหย่อนอากรขาเข้าสำหรับของที่ส่งออกที่ใช้สิทธิประโยชน์ ดังต่อไปนี้ 1. การขอคืนอากรตามมาตรา 29 ตามกฎหมายว่าด้วยศุลกากร 2. การยกเว้นอากรขาเข้าแก่ของที่ปล่อยออกไปจากคลังสินค้าทัณฑ์บน ประเภทโรงผลิตสินค้าเพื่อส่งออกไปนอกราชอาณาจักร ตามกฎหมายว่าด้วยศุลกากร 3. การยกเว้นอากรขาเข้าเกี่ยวกับเขตประกอบการเสรี ตามกฎหมาย ว่าด้วยการนิคมอุตสาหกรรมแห่งประเทศไทย 4. การยกเว้นหรือลดหย่อนอากรขาเข้าที่ไม่ใช่เครื่องจักร ตามกฎหมายว่าด้วยส่งเสริมการลงทุน 5. การยกเว้นอากรขาเข้าเกี่ยวกับเขตปลอดอากรตามหมวด 6 ตามกฎหมายว่าด้วยศุลกากร</description>
    </item>
    
  </channel>
</rss>