<?xml version="1.0" encoding="utf-8" standalone="yes"?>
<rss version="2.0" xmlns:atom="http://www.w3.org/2005/Atom">
  <channel>
    <title>ตัวแทนออกของ on Knowledge Center</title>
    <link>https://ecs-support.github.io/knowledge-center/customs-clearance/docs/company/%E0%B8%BA%E0%B8%BA%E0%B8%B4%E0%B8%B4broker/</link>
    <description>Recent content in ตัวแทนออกของ on Knowledge Center</description>
    <generator>Hugo -- gohugo.io</generator>
    
	<atom:link href="https://ecs-support.github.io/knowledge-center/customs-clearance/docs/company/%E0%B8%BA%E0%B8%BA%E0%B8%B4%E0%B8%B4broker/index.xml" rel="self" type="application/rss+xml" />
    
    
    <item>
      <title>ข้อมูลการลงทะเบียน</title>
      <link>https://ecs-support.github.io/knowledge-center/customs-clearance/docs/company/%E0%B8%BA%E0%B8%BA%E0%B8%B4%E0%B8%B4broker/register_expire/</link>
      <pubDate>Mon, 01 Jan 0001 00:00:00 +0000</pubDate>
      
      <guid>https://ecs-support.github.io/knowledge-center/customs-clearance/docs/company/%E0%B8%BA%E0%B8%BA%E0%B8%B4%E0%B8%B4broker/register_expire/</guid>
      <description> รายชื่อตัวแทนออกของและผู้ปฏิบัติงานเกี่ยวกับการออกของ ที่จะหมดอายุในปี พ.ศ. 2563 กรมศุลกากรเผยแพร่ข้อมูล รายชื่อตัวแทนออกของและผู้ปฏิบัติงานเกี่ยวกับการออกของ ที่จะหมดอายุในปี พ.ศ. 2563 เพื่อใช้ในการตรวจสอบและเตรียมความพร้อมในการต่ออายุ เพื่อความต่อเนื่องในการปฏิบัติงาน มีรายละเอียดดังนี้
 รายชื่อตัวแทนออกของที่จะหมดอายุในปี พ.ศ. 2563 (นิติบุคคล) รายชื่อตัวแทนออกของที่จะหมดอายุในปี พ.ศ. 2563 (บุคคลธรรมดา) รายชื่อผู้ปฏิบัติงานเกี่ยวกับการออกของที่จะหมดอายุในปี พ.ศ. 2563 (ชิปปิ้ง)  ที่มา : กรมศุลกากร
 วันที่ปรับปรุงล่าสุด : 6 พฤศจิกายน 2562 สอบถามข้อมูลเพิ่มเติมได้ที่ : ส่วนทะเบียนและสิทธิพิเศษ (สทพ.) กองมาตรฐานพิธีการและราคาศุลกากร (กมพ.) หมายเลขโทรศัพท์ : 02-6677000 ต่อ 20-4634 และ 20-4636 </description>
    </item>
    
  </channel>
</rss>