<?xml version="1.0" encoding="utf-8" standalone="yes"?>
<rss version="2.0" xmlns:atom="http://www.w3.org/2005/Atom">
  <channel>
    <title>คู่มือใบขนสินค้าขาเข้า on Knowledge Center</title>
    <link>https://ecs-support.github.io/knowledge-center/customs-clearance/docs/import/import-guide/</link>
    <description>Recent content in คู่มือใบขนสินค้าขาเข้า on Knowledge Center</description>
    <generator>Hugo -- gohugo.io</generator>
    
	<atom:link href="https://ecs-support.github.io/knowledge-center/customs-clearance/docs/import/import-guide/index.xml" rel="self" type="application/rss+xml" />
    
    
    <item>
      <title>1. โครงสร้างข้อมูลใบขนสินค้า</title>
      <link>https://ecs-support.github.io/knowledge-center/customs-clearance/docs/import/import-guide/data-structure/</link>
      <pubDate>Mon, 01 Jan 0001 00:00:00 +0000</pubDate>
      
      <guid>https://ecs-support.github.io/knowledge-center/customs-clearance/docs/import/import-guide/data-structure/</guid>
      <description>โครงสร้างข้อมูลใบขนสินค้าขาเข้า โครงสร้างข้อมูลใบขนสินค้าขาเข้า แบ่งได้เป็น 6 ส่วนดังนี้  Import Declaration Control ประกอบด้วย 73 Fields Import Invoice Control ประกอบด้วย 35 Fields Import Invoice Detail ประกอบด้วย 76 Fields Import Invoice Detail (Duty) ประกอบด้วย 14 Fields Import Invoice Detail (Permit) ประกอบด้วย 3 Fields Import Invoice Detail (Deposit) ประกอบด้วย 2 Fields  เงื่อนไขการบันทึกข้อมูล ในกรณีผู้บันทึกไม่สามารถหาข้อมูลได้  หาก Field ใด กำหนดให้ต้องระบุค่า (Value = M) แต่ผู้บันทึกไม่สามารถหาข้อมูลได้ สำหรับ Field ที่เป็น Alphabet (แสดงออกเป็นตัวอักษร) ให้ระบุค่าเป็น N/A สำหรับ Field ที่เป็น Numeric (แสดงออกเป็นตัวเลข) ให้ระบุค่าเป็น 0 (ศูนย์) หาก Field ใด กำหนดให้ไม่ต้องระบุค่า (Value = O) และผู้บันทึกไม่สามารถหาข้อมูลได้ ก็ไม่ต้องบันทึกค่าใด ๆ หาก Field ใด กำหนดให้ต้องระบุค่า เมื่อเข้าเงื่อนไขที่กำหนด (Value = C) แต่ผู้บันทึกไม่สามารถหาข้อมูลได้ สำหรับ Field ที่เป็น Alphabet (แสดงออกเป็นตัวอักษร) ให้ระบุค่าเป็น N/A สำหรับ Field ที่เป็น Numeric (แสดงออกเป็นตัวเลข) ให้ระบุค่าเป็น 0 (ศูนย์)   อักษรย่อ ที่ใช้ในการอธิบายรูปแบบชนิดของข้อมูล    อักษรย่อ คำอธิบาย     n3 ข้อมูลชนิดตัวเลข (Numeric Characters) คงที่ คือ 3 ตัวอักษร   a3 ข้อมูลชนิดตัวอักษร (Alphabetic Characters) คงที่ คือ 3 ตัวอักษร   an3 ข้อมูลชนิดตัวอักษรหรือตัวเลข คงที่ คือ 3 ตัวอักษร   n.</description>
    </item>
    
    <item>
      <title>2. การคำนวณมูลค่าเงินนำเข้า</title>
      <link>https://ecs-support.github.io/knowledge-center/customs-clearance/docs/import/import-guide/calculate-cif/</link>
      <pubDate>Mon, 01 Jan 0001 00:00:00 +0000</pubDate>
      
      <guid>https://ecs-support.github.io/knowledge-center/customs-clearance/docs/import/import-guide/calculate-cif/</guid>
      <description> การตรวจสอบผลการคำนวณมูลค่าเงินนำเข้า เงินบาท และเงินต่างประเทศ ในใบขนสินค้าขาเข้า </description>
    </item>
    
    <item>
      <title>3. รูปแบบเลขที่ใบขนสินค้า</title>
      <link>https://ecs-support.github.io/knowledge-center/customs-clearance/docs/import/import-guide/declaration-no/</link>
      <pubDate>Mon, 01 Jan 0001 00:00:00 +0000</pubDate>
      
      <guid>https://ecs-support.github.io/knowledge-center/customs-clearance/docs/import/import-guide/declaration-no/</guid>
      <description> รูปแบบเลขที่ใบขนสินค้า </description>
    </item>
    
    <item>
      <title>4. ประเภทของเอกสาร</title>
      <link>https://ecs-support.github.io/knowledge-center/customs-clearance/docs/import/import-guide/type-ducument/</link>
      <pubDate>Mon, 01 Jan 0001 00:00:00 +0000</pubDate>
      
      <guid>https://ecs-support.github.io/knowledge-center/customs-clearance/docs/import/import-guide/type-ducument/</guid>
      <description>ประเภทของเอกสาร (Document Type)    Type ประเภทของเอกสาร ชนิดเอกสาร     0 ใบขนสินค้าขาเข้า e-Import   1 ใบขนสินค้าขาออก e-Export   2 ใบขนสินค้าผ่านแดน ยังไม่ใช้ระบบพิธีการศุลกากรทางอิเล็กทรอนิกส์   3 คำร้องขอรับของไปก่อน e-Import   4 คำร้องขอส่งของออกไปก่อน e-Export   5 ใบขนสินค้าขาเข้าปากระวาง ยังไม่ใช้ระบบพิธีการศุลกากรทางอิเล็กทรอนิกส์   6 ใบขนสินค้าพิเศษผ่านแดนขาออก ยังไม่ใช้ระบบพิธีการศุลกากรทางอิเล็กทรอนิกส์   7 ใบขนสินค้าพิเศษผ่านแดนขาเข้า ยังไม่ใช้ระบบพิธีการศุลกากรทางอิเล็กทรอนิกส์   8 ใบขนสินค้าถ่ายลำ (ใบแนบ 9) e-Transition (Transhipment) *   A ใบขนสินค้าขาเข้าโอนย้ายภายในประเทศ คลังสินค้าทัณฑ์บน /ตามมาตรา 29 / BOI   B ใบขนสินค้าขาออกโอนย้ายภายในประเทศ คลังสินค้าทัณฑ์บน /ตามมาตรา 29 / BOI   C ใบขนสินค้าขาเข้าโอนย้ายจากเขตปลอดอากร เขตปลอดอากร / Free Zone และ เขตประกอบการเสรี / I-EA-T   D ใบขนสินค้าขาออกโอนย้ายเข้าเขตปลอดอากร เขตปลอดอากร / Free Zone และ เขตประกอบการเสรี / I-EA-T   P ใบขนสินค้าขาเข้าโอนย้ายชำระภาษีอากร**    X ใบขนสินค้าขาเข้าของเร่งด่วน*** e-Express   Y ใบขนสินค้าขาออกของเร่งด่วน**** e-Express    หมายเหตุ</description>
    </item>
    
    <item>
      <title>5. ระบบทะเบียนผู้มาติดต่อ</title>
      <link>https://ecs-support.github.io/knowledge-center/customs-clearance/docs/import/import-guide/contact-registration/</link>
      <pubDate>Mon, 01 Jan 0001 00:00:00 +0000</pubDate>
      
      <guid>https://ecs-support.github.io/knowledge-center/customs-clearance/docs/import/import-guide/contact-registration/</guid>
      <description>การตรวจสอบข้อมูลใบขนสินค้าขาเข้าและขาออก กับระบบทะเบียนผู้มาติดต่อ  การตรวจสอบลายเซ็นอิเล็กทรอนิกส์ (Digital Signature) มีเงื่อนไขดังนี้
 VAT ID ของ ลายเซ็นอิเล็กทรอนิกส์ ต้องเท่ากับเลขประจำตัวผู้เสียภาษีอากรของผู้นำเข้า/ผู้ส่งออก (Company Tax No) หรือ VAT ID ของ ลายเซ็นอิเล็กทรอนิกส์ ต้องเท่ากับเลขประจำตัวผู้เสียภาษีอากรของตัวแทนออกของ (Broker Tax No) หรือ VAT ID ของ ลายเซ็นอิเล็กทรอนิกส์ ต้องเท่ากับเลขประจำตัวผู้เสียภาษีอากรของตัวแทนออกของรับจ้างช่วง (Sub Broker Tax Number) หรือ VAT ID ของ ลายเซ็นอิเล็กทรอนิกส์ ต้องเท่ากับเลขประจำตัวผู้เสียภาษีอากรของ Company Tax No ของ Registration ID กรณีเป็น Service Counter เท่านั้น   การตรวจสอบความสัมพันธ์ของผู้นำเข้า/ผู้ส่งออกกับตัวแทนออกของ ต้องมีการว่าจ้างระหว่าง ผู้นำเข้า/ส่งออกกับตัวแทนออกของ จะตรวจสอบกับระบบทะเบียน ดังนี้
 ผู้นำเข้า/ผู้ส่งออกต้องว่าจ้างตัวแทนออกของ และ ตัวแทนออกของต้องได้รับจ้างผู้นำเข้า/ผู้ส่งออก  การตรวจสอบความสัมพันธ์ของตัวแทนออกของรับจ้างช่วง กับตัวแทนออกของที่มีความสัมพันธ์กับ ผู้นำเข้า/ผู้ส่งออก จะตรวจสอบกับระบบทะเบียน ดังนี้
 ผู้รับจ้างช่วงต้องได้รับการว่าจ้างจากตัวแทนออกของ และ ตัวแทนออกของต้องได้รับจ้างผู้นำเข้า/ผู้ส่งออก และ ผู้นำเข้า/ผู้ส่งออกต้องว่าจ้างตัวแทนออกของ    สำหรับกรณีผู้นำเข้า/ผู้ส่งออก มีการมอบอำนาจให้ตัวแทนออกของทำการว่าจ้างช่วงได้</description>
    </item>
    
    <item>
      <title>6. วันนำเข้า (Arrival Date)</title>
      <link>https://ecs-support.github.io/knowledge-center/customs-clearance/docs/import/import-guide/arrival-date/</link>
      <pubDate>Mon, 01 Jan 0001 00:00:00 +0000</pubDate>
      
      <guid>https://ecs-support.github.io/knowledge-center/customs-clearance/docs/import/import-guide/arrival-date/</guid>
      <description> วันนำเข้า (Arrival Date) วันนำเข้า (Arrival Date) วันที่นำเข้ามาสำเร็จ ตามมาตรา 50 แห่งพระราชบัญญัติศุลกากร พ.ศ. 2560 วันที่นำเข้า ปี ค.ศ. เดือน วัน (CCYYMMDD) ให้กำหนดดังนี้
 ใบขนสินค้าขาเข้า ประเภทเอกสาร 0 คำร้องขอรับของไปก่อน ประเภทเอกสาร 3 ใบขนสินค้าขาเข้าปากระวาง ประเภทเอกสาร 5     การนำเข้า Mode of Transport วันนำเข้า คือ     ทางเรือ 1 วันที่เรือที่นำของเข้ามานั้นได้เข้ามาในเขตท่าที่จะขนถ่ายของขึ้นจากเรือหรือท่าที่มีชื่อส่งของถึง   ทางรถไฟ 2 วันที่รถไฟได้ผ่านเขตแดนเข้ามาในราชอาณาจักร   ทางรถยนต์ 3 วันที่รถที่นำของเข้ามานั้นได้เข้ามาถึงเขตด่านพรมแดน   คนเดินทางบก 3 วันที่เดินเข้ามาถึงเขตด่านพรมแดน   ทางเครื่องบิน 4 วันที่อากาศยานที่นำของเข้ามานั้นได้ถึงสนามบิน ที่เป็นด่านศุลกากร   ทางไปรษณีย์ 5 วันที่เปิดถุงไปรษณีย์   ทางท่อขนส่งทางบก /ทางสายส่งไฟฟ้า 7 วันแรกของเดือนที่มีการขนส่งของทางท่อขนส่งทางบก/ทางสายส่งไฟฟ้า (ให้รวบรวมทำใบขนสินค้าขาเข้าเดือนละฉบับ)   ทางเรือที่เข้าออกด่านศุลกากรทางบก 8 วันที่เรือมาถึงเขตจอดเรือหรือเขตท่าเรือด่านศุลกากรเช่น ด่านศุลกากรเชียงแสน,ด่านศุลกากรหนองคาย,ด่านศุลกากรแม่สอด   เรือเล็กทางทะเล สำหรับด่านศุลกากรทางทะเล 8 วันที่เรือมาถึงเขตจอดเรือหรือเขตท่าเรือด่านศุลกากร เช่น ด่านศุลกากรระนอง, ด่านศุลกากรคลองใหญ่   ทางผู้โดยสารนำพาจากอากาศยาน 9 วันที่อากาศยานที่นำของเข้ามานั้นได้ถึงสนามบินที่เป็นด่านศุลกากร    </description>
    </item>
    
    <item>
      <title>7. เลขที่ใบตราส่ง (Bill of Lading)</title>
      <link>https://ecs-support.github.io/knowledge-center/customs-clearance/docs/import/import-guide/bill-of-loading-no/</link>
      <pubDate>Mon, 01 Jan 0001 00:00:00 +0000</pubDate>
      
      <guid>https://ecs-support.github.io/knowledge-center/customs-clearance/docs/import/import-guide/bill-of-loading-no/</guid>
      <description>เลขที่ใบตราส่ง (Bill of Lading) เลขที่ใบตราส่ง 1 (Master Bill of Lading) และเลขที่ใบตราส่ง 2 (House Bill of Lading) ในการจัดทำข้อมูลใบขนสินค้าขาเข้า ให้ระบุ ดังนี้
   การนำเข้า Mode of Transport เลขที่ใบตราส่ง 1 (Master Bill of Lading) เลขที่ใบตราส่ง 2 (House Bill of Lading)     ทางเรือ 1 ไม่ต้องระบุ Bill of Lading   ทางรถไฟ 2 ไม่ต้องระบุ Bill of Lading   ทางรถยนต์ 3 Received Control No ของ ศ.บ.1 Item No ของ ศ.บ.1 ส่วนรายการ   คนเดินทางบก 3 Received Control No ของ ศ.</description>
    </item>
    
    <item>
      <title>8. รหัสสถานที่นำเข้า</title>
      <link>https://ecs-support.github.io/knowledge-center/customs-clearance/docs/import/import-guide/area/</link>
      <pubDate>Mon, 01 Jan 0001 00:00:00 +0000</pubDate>
      
      <guid>https://ecs-support.github.io/knowledge-center/customs-clearance/docs/import/import-guide/area/</guid>
      <description>รหัสสถานที่นำเข้า (Discharge Port ) รหัสสถานที่นำเข้า (Discharge Port ) ให้บันทึกข้อมูลรหัสสถานที่ของศุลกากร ณ ด่านศุลกากร ที่นำของเข้า หรือโรงพักสินค้าหรือที่มั่นคงซึ่งเป็นที่ตรวจและเก็บสินค้าดังกล่าว
รหัสสถานที่ตรวจปล่อย (Release Port) ให้บันทึกข้อมูล ดังนี้
 กรณีตรวจปล่อย ณ ด่านศุลกากร ที่นำของเข้า (First Port) รหัสสถานที่ตรวจปล่อย (Release Port) ให้บันทึกข้อมูลรหัสสถานที่ตรวจปล่อย (Release Port) เป็นด่านศุลกากร ที่นำของเข้า (First Port)
 หากประสงค์จะขออนุญาตขนย้ายสินค้าไปตรวจปล่อย ณ สถานที่อื่นนอกจากเขตด่านศุลกากร ที่นำของเข้า (First Port) ให้บันทึกข้อมูล ดังนี้
 รหัสสถานที่ตรวจปล่อย (Release Port) ให้บันทึกข้อมูลรหัสสถานที่ตรวจปล่อย (Release Port) เป็น ด่านศุลกากร ที่นำของเข้า (First Port) และ ให้บันทึกค่า &amp;ldquo;Y&amp;rdquo; ในช่องขออนุญาตเปิดตรวจนอกสถานที่ (Inspection request code) หากไม่ติดเงื่อนไขความเสี่ยงระบบจะสั่งการตรวจปล่อยสินค้าโดยไม่ต้องมัดลวด หากติดเงื่อนไขความเสี่ยงระบบจะสั่งการตรวจเป็น “ให้ไปดำเนินการมัดลวด ณ ด่านศุลกากรที่นำของเข้า” เพื่อนำไปตรวจปล่อยนอกสถานที่ตามที่ระบุข้อมูลไว้ ในช่องรหัสสถานที่ตรวจปล่อยนอกสถานที่ (Outside Release Port)   กรณีติดเงื่อนไขความเสี่ยง</description>
    </item>
    
    <item>
      <title>9. Shipping Marks</title>
      <link>https://ecs-support.github.io/knowledge-center/customs-clearance/docs/import/import-guide/shipping-marks/</link>
      <pubDate>Mon, 01 Jan 0001 00:00:00 +0000</pubDate>
      
      <guid>https://ecs-support.github.io/knowledge-center/customs-clearance/docs/import/import-guide/shipping-marks/</guid>
      <description> เครื่องหมายและเลขหมายหีบห่อ (Shipping Marks)  เครื่องหมายและเลขหมายหีบห่อ (Shipping Marks) ต้องสำแดงเครื่องหมายและเลขหมายหีบห่อให้ตรงกับความเป็นจริง ซึ่งจะต้องตรงกับใบตราส่งสินค้า โดยให้สำแดง ดังนี้
 ถ้าเครื่องหมายและเลขหมายหีบห่อเป็นข้อความให้บันทึกเป็นข้อความตามจริง หากเครื่องหมายและเลขหมายหีบห่อมีความยาวเกิน 512 ตัวอักษร ให้บันทึกเพียง 512 ตัวอักษรได้ ถ้าเครื่องหมายและเลขหมายหีบห่อเป็นข้อความที่เป็นภาษาต่างประเทศ ซึ่งไม่สามารถบันทึกข้อความนั้นได้ เช่น ภาษาจีน ให้ระบุคำว่า “PICTURE” ถ้าเครื่องหมายและเลขหมายหีบห่อเป็นรูปภาพให้ระบุคำว่า “PICTURE”   กรณีผ่อนผันไม่ต้องสำแดงเครื่องหมายและเลขหมายหีบห่อ (Shipping Marks) ในการจัดทำข้อมูลใบขนสินค้าขาเข้าให้ระบุคำว่า “NO SHIPPING MARK” แทนได้ สำหรับกรณี ดังต่อไปนี้
 กรณีหีบห่อของใช้ส่วนตัวตาม ประเภทที่ 5 ภาค 4 แห่งพระราชกำหนดพิกัดอัตราศุลกากร พ.ศ. 2530 กรณีหีบห่อของที่ได้รับเอกสิทธิ์ ตามข้อผูกพันที่ประเทศไทยมีต่อองค์การสหประชาชาติตามกฎหมายระหว่างประเทศหรือตามสัญญากับนานาประเทศ ของที่มิได้บรรจุหีบห่อ เช่น รถยนต์ ยางรถยนต์ รางรถไฟ ลวด โลหะเป็นแท่งหรือก้อน กระดาษพิมพ์หนังสือเป็นม้วน กระเบื้อง ของเหลวบรรจุในขวดใหญ่และมีวัตถุถักหุ้มขวด เช่น น้ำกรด ของที่มาเป็นกอง เช่น ถ่านหิน ของที่บรรจุหีบห่อเดียว ของที่บรรจุในหีบห่อที่เป็นมาตรฐานเดียว (Standard Packing) เช่น ลังไม้ หรือลังกระดาษที่มีขนาดกว้างยาวเท่ากัน ของที่บรรจุมีจำนวนเท่ากัน เช่น นมสด สุรา เบียร์ อาหารปนแป้ง วิทยุ ของที่มาเป็นถังเหล็กหรือถังไฟเบอร์ (Drum or Fiber Drum) ที่มีลักษณะขนาด น้ำหนัก และจำนวนของที่บรรจุเท่ากัน เช่น จุกขวด น้ำยาดับกลิ่น น้ำมันเครื่อง สีทา ของที่บรรจุมาในถุงกระดาษหรือกระสอบ ที่มีลักษณะขนาด น้ำหนัก และจำนวนของที่บรรจุเท่ากัน เช่น ปุ๋ย แอมโมเนีย แป้ง ข้าวสาลี หิน กากเพชร น้ำตาล ของที่บรรจุมาในหีบโปร่ง (Crate) เช่น เครื่องยนต์   </description>
    </item>
    
    <item>
      <title>10. จำนวนและน้ำหนักของสินค้า</title>
      <link>https://ecs-support.github.io/knowledge-center/customs-clearance/docs/import/import-guide/quantity-weight/</link>
      <pubDate>Mon, 01 Jan 0001 00:00:00 +0000</pubDate>
      
      <guid>https://ecs-support.github.io/knowledge-center/customs-clearance/docs/import/import-guide/quantity-weight/</guid>
      <description> จำนวนและน้ำหนักของสินค้า  จำนวนหีบห่อรวม (Total Package Amount) ให้บันทึกค่าลักษณะหีบห่อตามมาตรฐาน หากสินค้ามีหลายลักษณะรวมกัน ให้ระบุจำนวนหีบห่อรวม ลักษณะหีบห่อรวม (Total Package Unit Code) ให้บันทึกค่าลักษณะหีบห่อตามมาตรฐาน UNECE Recommendation 21 หากสินค้ามีหลายลักษณะรวมกัน เช่น กล่อง Roll Drum ให้ระบุหน่วยเป็น &amp;ldquo;PK&amp;rdquo; น้ำหนักสุทธิรวม (Total Net Weight) ต้องมีค่าเท่ากับน้ำหนักสุทธิ (Net Weight) รวมทุกรายการเท่านั้น หน่วยของน้ำหนักสุทธิ (Net Weight Unit Code ตามมาตรฐาน UNECE Recommendation 20 มีค่าได้ดังต่อไปนี้ KGM – Kilogram , TNE – Metric Ton , GRM – Gram , CTM – Carat น้ำหนักรวม (Total Gross Weight) ต้องมีค่าเท่ากับหรือมากกว่าน้ำหนักสุทธิรวม (Total Net Weight) เท่านั้น สำหรับทางอากาศใช้น้ำหนักตาม D/O หน่วยของน้ำหนักรวม (Total Gross Weight Unit Code) ตามมาตรฐาน UNECE Recommendation 20 มีค่าได้ดังต่อไปนี้ KGM – Kilogram, TNE – Metric Ton , GRM – Gram , CTM – Carat  </description>
    </item>
    
    <item>
      <title>11. ต้องการให้ตรวจสอบข้อมูลใบขนสินค้าขาเข้า</title>
      <link>https://ecs-support.github.io/knowledge-center/customs-clearance/docs/import/import-guide/%E0%B8%82%E0%B8%AD%E0%B9%83%E0%B8%AB%E0%B9%89%E0%B8%95%E0%B8%A3%E0%B8%A7%E0%B8%88%E0%B8%AA%E0%B8%AD%E0%B8%9A%E0%B8%82%E0%B9%89%E0%B8%AD%E0%B8%A1%E0%B8%B9%E0%B8%A5%E0%B9%83%E0%B8%9A%E0%B8%82%E0%B8%99%E0%B8%AA%E0%B8%B4%E0%B8%99%E0%B8%84%E0%B9%89%E0%B8%B2%E0%B8%82%E0%B8%B2%E0%B9%80%E0%B8%82%E0%B9%89%E0%B8%B2/</link>
      <pubDate>Mon, 01 Jan 0001 00:00:00 +0000</pubDate>
      
      <guid>https://ecs-support.github.io/knowledge-center/customs-clearance/docs/import/import-guide/%E0%B8%82%E0%B8%AD%E0%B9%83%E0%B8%AB%E0%B9%89%E0%B8%95%E0%B8%A3%E0%B8%A7%E0%B8%88%E0%B8%AA%E0%B8%AD%E0%B8%9A%E0%B8%82%E0%B9%89%E0%B8%AD%E0%B8%A1%E0%B8%B9%E0%B8%A5%E0%B9%83%E0%B8%9A%E0%B8%82%E0%B8%99%E0%B8%AA%E0%B8%B4%E0%B8%99%E0%B8%84%E0%B9%89%E0%B8%B2%E0%B8%82%E0%B8%B2%E0%B9%80%E0%B8%82%E0%B9%89%E0%B8%B2/</guid>
      <description> มีปัญหาในเรื่องต่าง ๆ ต้องการให้ตรวจสอบข้อมูลใบขนสินค้าขาเข้า (Assessment Request Code) &amp;ldquo;Assessment Request Code&amp;rdquo; &amp;ldquo;มีปัญหาพิกัด ราคา พบพนักงานศุลกากร ที่ ด่านศุลกากร ที่นำเข้า&amp;rdquo;
 กรณีมีปัญหาและต้องการพบพนักงานศุลกากร ณ ด่านศุลกากรที่นำของเข้า  ในเรื่องปัญหาพิกัดศุลกากร อัตราศุลกากร ราคาศุลกากร ในเรื่องที่ต้องแจ้งความไว้ต่อพนักงานศุลกากรก่อนการส่งมอบว่าจะยื่นคำขอคืนเงินอากร และได้มีการแจ้งเหตุผลไว้ในช่อง หมายเหตุ &amp;ldquo;Remark&amp;rdquo; แล้ว  กรณีของนำเข้าเป็นของที่มีลักษณะ ดังต่อไปนี้  ของนำเข้าตามภาค 4 แห่งพระราชกำหนดพิกัดอัตราศุลกากร ของเก่าใช้แล้ว ของด้อยสภาพ  ในการจัดทำข้อมูลใบขนสินค้าขาเข้าตาม (1) หรือ (2) ให้ระบุค่า &amp;ldquo;Y&amp;rdquo; ในช่อง &amp;ldquo;Assessment Request Code&amp;rdquo; “มีปัญหาพิกัด ราคา พบพนักงานศุลกากร ที่ด่านศุลกากรที่นำเข้า” ระบบคอมพิวเตอร์ของศุลกากรจะสั่งการตรวจใบขนสินค้าขาเข้าเป็น &amp;ldquo;เปิดตรวจ&amp;rdquo; พบพนักงานศุลกากร ณ หน่วยบริการศุลกากร ที่นำของเข้า เพื่อยื่นหลักฐานหรือเอกสารมาแสดง หรือร้องขอให้พนักงานศุลกากรพิจารณาดำเนินการใด ๆ
  </description>
    </item>
    
    <item>
      <title>12. รหัสสกุลเงินและอัตราแลกเปลี่ยน</title>
      <link>https://ecs-support.github.io/knowledge-center/customs-clearance/docs/import/import-guide/currency-code-exchange-rate/</link>
      <pubDate>Mon, 01 Jan 0001 00:00:00 +0000</pubDate>
      
      <guid>https://ecs-support.github.io/knowledge-center/customs-clearance/docs/import/import-guide/currency-code-exchange-rate/</guid>
      <description>รหัสสกุลเงินตราและอัตราแลกเปลี่ยน รหัสสกุลเงินตรา (Currency Code)  รหัสสกุลเงินตรา (Currency Code) ในส่วน Import Declaration Control ให้บันทึกค่ารหัสสกุลเงินตราตามมาตรฐาน หากสินค้ามีหลายสกุลเงินตราในใบขนสินค้าให้ใช้รหัสสกุลเงินตราที่มีอัตราแลกเปลี่ยนสูงสุด รหัสสกุลเงินตรา (Currency Code) ในส่วน Import Declaration Control (Invoice) ให้บันทึกค่ารหัสสกุลเงินตราตามมาตรฐาน หากสินค้ามีหลายสกุลเงินตราในใบขนสินค้าให้ใช้รหัสสกุลเงินตราที่มีอัตราแลกเปลี่ยนสูงสุด รหัสสกุลเงินตรา (Currency) ในส่วน Import Declaration Detail ให้บันทึกค่ารหัสสกุลเงินตราจริงตามมาตรฐาน  อัตราแลกเปลี่ยนเงินตรา (Exchange Rate)  ให้บันทึกค่าโดยตรวจสอบกับแฟ้มข้อมูลอัตราแลกเปลี่ยนเงินตราขาเข้า ให้ใช้อัตราแลกเปลี่ยนของสกุลเงินตราที่มีอัตราแลกเปลี่ยนสูงสุด  หลักการคำนวณราคาของจากเงินตราต่างประเทศเป็นเงินตราไทย  การคำนวณราคาของให้เป็นเงินตราไทย ให้ปฏิบัติดังนี้  คำนวณตามอัตราแลกเปลี่ยนเงินตราต่างประเทศที่กรมศุลกากรประกาศกำหนด สำหรับการนำเข้าและการส่งออก ของที่นำเข้า ให้ใช้อัตราแลกเปลี่ยนที่ใช้อยู่ใน วันนำเข้า ของส่งออกให้ใช้อัตราแลกเปลี่ยนที่ใช้อยู่ใน วันที่ออกใบขนสินค้าให้  การประกาศกำหนดอัตราแลกเปลี่ยนเงินตราต่างประเทศ สำนักมาตรฐานพิธีการและราคาศุลกากร จะดำเนินการ ดังนี้  พิจารณากำหนดอัตราแลกเปลี่ยนเงินตราต่างประเทศเป็นเงินตราไทย จากข้อมูลของธนาคารแห่งประเทศไทยในรอบ 7 วัน ก่อนวันประกาศ โดยใช้อัตราซื้อสำหรับการส่งออก และอัตราขายสำหรับการนำเข้า ดำเนินการให้มีการประกาศใช้อัตราแลกเปลี่ยนเงินตราต่างประเทศก่อนสิ้นเดือนไม่น้อยกว่า 7 วัน และมีผลใช้ในเดือนถัดไป หากวันประกาศตรงกับวันหยุดราชการ ให้ประกาศในวันทำการถัดไป กรณีมีการเปลี่ยนแปลงเกี่ยวกับสถานการณ์ทางการเงินหรือในระหว่างเดือน ปรากฏว่าอัตราแลกเปลี่ยนของเงินตราต่างประเทศ เป็นเงินตราไทยสูงขึ้นหรือลดลงเกินกว่าร้อยละ 10 ของอัตราที่ใช้อยู่อาจประกาศเปลี่ยนแปลงได้ตามความเหมาะสม โดยจะประกาศล่วงหน้าไม่น้อยกว่า 5 วัน ก่อนวันบังคับใช้   อัตราแลกเปลี่ยนกรมศุลกากรประจำเดือนเมษายน 2563    No County Currency Code Export Import     1 สหรัฐอเมริกา ดอลลาร์สหรัฐ USD 32.</description>
    </item>
    
    <item>
      <title>13. หลักการรวมรายการสินค้า</title>
      <link>https://ecs-support.github.io/knowledge-center/customs-clearance/docs/import/import-guide/%E0%B8%AB%E0%B8%A5%E0%B8%B1%E0%B8%81%E0%B8%81%E0%B8%B2%E0%B8%A3%E0%B8%A3%E0%B8%A7%E0%B8%A1%E0%B8%A3%E0%B8%B2%E0%B8%A2%E0%B8%81%E0%B8%B2%E0%B8%A3/</link>
      <pubDate>Mon, 01 Jan 0001 00:00:00 +0000</pubDate>
      
      <guid>https://ecs-support.github.io/knowledge-center/customs-clearance/docs/import/import-guide/%E0%B8%AB%E0%B8%A5%E0%B8%B1%E0%B8%81%E0%B8%81%E0%B8%B2%E0%B8%A3%E0%B8%A3%E0%B8%A7%E0%B8%A1%E0%B8%A3%E0%B8%B2%E0%B8%A2%E0%B8%81%E0%B8%B2%E0%B8%A3/</guid>
      <description>หลักการรวมรายการของบัญชีราคาสินค้า  เลขที่บัญชีราคาสินค้า (Invoice Number) ให้ระบุค่าตามจริง กรณีการนำเข้าไม่หมดในครั้งเดียวสามารถใช้เลขที่บัญชีราคาสินค้า ในใบขนสินค้าขาเข้าซ้ำได้อีก
 ลำดับรายการในบัญชีราคาสินค้า (Invoice Item Number) ให้ระบุค่าตามจริง
 เพื่อเป็นการแจ้งว่ารายการในใบขนสินค้าขาเข้ารายการนี้มาจาก Invoice Number และ Invoice Item Number ใด ในแต่ละรายการของใบขนสินค้าขาเข้าสามารถใช้ Invoice Number และ Invoice Item Number ซ้ำกันได้ เช่น กรณีใช้สิทธิ BOI, ใช้สิทธิตามมาตรา 29, สุทธินำกลับ   หลักการรวมเอกสาร Invoice เป็นข้อมูล Import Declaration Detail  สามารถบันทึกข้อมูลรายละเอียดใบขนสินค้าจัดกลุ่มรายการตามพิกัดศุลกากร (Tariff Code) และรหัสสถิติสินค้า (Statistical Code) เดียวกันรวมกันได้ภายใต้เงื่อนไข ดังนี้
 ชนิดของภาษาอังกฤษ (English Description of Goods) และชนิดของภาษาไทย (Thai Description of Goods) เดียวกัน และ ราคาต่อหน่วยเงินต่างประเทศ (Unit Price Foreign) และราคาต่อหน่วยเงินบาท (Unit Price Baht) เท่ากัน และ รหัสสกุลเงินตรา (Currency) ตามมาตรฐาน ISO ของแต่ละรายการเหมือนกัน และ รหัสประเทศกำเนิด (Origin Country) ตามมาตรฐาน ISO เดียวกัน และ ปีที่ผลิตสินค้า (Product Year) เดียวกัน และ พิกัดสรรพสามิต (Excise No) รวมถึงปริมาณที่ใช้ในการคำนวณภาษีสรรพสามิต (Excise Quantity) และหน่วยของปริมาณ (Excise Quantity Unit) ตามมาตรฐาน ISO เดียวกัน มีรหัสสิทธิพิเศษ (Privilege Code) เดียวกัน และมีประเภทของข้อมูล (Nature of Transaction) เดียวกัน เช่น 11 = เป็นการค้า , 21 = เป็นของแถม/ไม่มีมูลค่าทางการค้า , 90 = รับจ้างทำของ เป็นต้น   ในการจัดทำข้อมูลใบขนสินค้าขาเข้าให้แยกรายการของในส่วน Import Declaration Detail แม้ตามบัญชีราคาสินค้าจะมี Invoice Item Number ซ้ำกัน ในกรณีใช้สิทธิทางภาษีอากรต่างกัน ดังนี้</description>
    </item>
    
    <item>
      <title>14. ราคาของ</title>
      <link>https://ecs-support.github.io/knowledge-center/customs-clearance/docs/import/import-guide/cif-value/</link>
      <pubDate>Mon, 01 Jan 0001 00:00:00 +0000</pubDate>
      
      <guid>https://ecs-support.github.io/knowledge-center/customs-clearance/docs/import/import-guide/cif-value/</guid>
      <description>ราคาของในการจัดทำข้อมูลใบขนสินค้าขาเข้า  ราคาของ CIF เงินต่างประเทศ (CIF Value Foreign) ราคาของ CIF เงินบาท (CIF Value Baht) มีค่าเท่ากับราคาของ CIF เงินต่างประเทศ คูณด้วยอัตราแลกเปลี่ยนเงินตรา  Total Invoice Total Invoice หมายถึง ยอดเงินรวมของราคาสินค้าตามบัญชีราคาสินค้าเป็นเงินบาท ทุกรายการในใบขนสินค้ารวมกันแล้วสามารถจะเท่ากับหรือไม่เท่ากับ Total Invoice ในส่วนควบคุม ได้ขึ้นอยู่กับ เงื่อนไขการซื้อขาย ตัวอย่างเช่น ข้อมูลในเอกสารบัญชีราคาสินค้า Total Invoice = 20,000 Term CIF แต่ Unit Price สำแดงราคาเป็น Term FOB โดยให้บันทึกข้อมูลตามจริง ดังนั้น Total Invoice ส่วน Control = Term CIF และ Unit Price ให้ใส่ข้อมูลตาม Term FOB ได้ มีผลให้ จำนวนเงินของแต่ละรายการเงินบาท ตามเอกสาร Invoice รวมกันทุกรายการ &amp;lt;&amp;gt; Total Invoice ใน Control</description>
    </item>
    
    <item>
      <title>15. INCOTERMS</title>
      <link>https://ecs-support.github.io/knowledge-center/customs-clearance/docs/import/import-guide/incoterms/</link>
      <pubDate>Mon, 01 Jan 0001 00:00:00 +0000</pubDate>
      
      <guid>https://ecs-support.github.io/knowledge-center/customs-clearance/docs/import/import-guide/incoterms/</guid>
      <description>INCOTERMS Incoterms (International Commercial Terms) เป็นข้อกำหนดการส่งมอบสินค้า (Term of Shipment) ระหว่างผู้ซื้อกับผู้ขายที่เป็นสากล ซึ่งกำหนดขึ้นโดยสภาหอการค้านานาชาติ (International Chamber of Commerce) ได้มีการประชุมบรรดาสมาชิกสภาหอการค้าระหว่างประเทศ ทุก 10 ปี เพื่อวางหลักเกณฑ์ข้อตกลงในการส่งมอบสินค้าระหว่างประเทศ เริ่มใช้ในปี ค.ศ. 1963 ฉบับปัจจุบันปรับปรุงแก้ไขเมื่อ ค.ศ. 2010 ประกาศใช้เมื่อ 1 มกราคม ค.ศ. 2011 เพื่อให้กฎเกณฑ์ดังกล่าวสอดคล้องกับหลักปฏิบัติทางการค้าระหว่างประเทศและในประเทศในปัจจุบัน โดยกําหนดให้ขอบเขตของ Incoterms @ 2010 จํากัดอยู่เฉพาะเรื่องที่เกี่ยวข้องกับสิทธิและหน้าที่ของคู่สัญญาซื้อขาย ในเรื่องการสส่งมอบสินค้าที่ขาย ว่าโดยนัยของสินค้า ที่จับต้องได้ (Tangible Goods) เท่านั้น ไม่รวมถึง ที่จับต้องไม่ได้
ข้อตกลงการส่งมอบของในทางการค้าระหว่างประเทศ (International Commercial Terms : Incoterms) ข้อตกลงการส่งมอบของในทางการค้าระหว่างประเทศ เป็นข้อตกลงที่กำหนดโดยหอการค้าระหว่างประเทศ เพื่อใช้แปลความข้อตกลงการค้าต่างประเทศ ให้เกิดความเข้าใจในหน้าที่และความรับผิดชอบระหว่างผู้ซื้อและผู้ขาย ประกอบด้วยข้อตกลง 4 กลุ่ม จำนวน 11 ข้อตกลง ดังต่อไปนี้
Group E (การออกจากสถานที่) EXW (1) EXW (…….name Point within the place of Seller) ย่อจากคำว่า “Ex Works” เงื่อนไข การส่งมอบนี้ ผู้ขายจะสิ้นสุดภาระการส่งมอบสินค้าตามสัญญาก็ต่อเมื่อ ผู้ขายได้จัดให้สินค้าพร้อมสำหรับ การส่งมอบ ณ สถานที่ของผู้ขายเอง (Delivery point) โดยผู้ขายมิต้องรับผิดชอบในการขนสินค้าขึ้นยานพาหนะ ไม่ต้องทำพิธีการส่งออก (Customs Clearance) ค่าใช้จ่ายต่าง ๆ ในการขนสินค้า (Transport) จากสถานที่ของผู้ขายไปยังจุดหมายปลายทาง และความเสี่ยงภัยต่าง ๆ เป็นของผู้ซื้อ</description>
    </item>
    
    <item>
      <title>16. ภาค 4 ของที่ได้รับยกเว้นอากร</title>
      <link>https://ecs-support.github.io/knowledge-center/customs-clearance/docs/import/import-guide/part-4/</link>
      <pubDate>Mon, 01 Jan 0001 00:00:00 +0000</pubDate>
      
      <guid>https://ecs-support.github.io/knowledge-center/customs-clearance/docs/import/import-guide/part-4/</guid>
      <description>ภาค 4 ของที่ได้รับยกเว้นอากร 1 ภาค 4 รายการสุทธินำกลับ...1 ภาค 4 รายการสุทธินำกลับ ของที่ส่งออกรวมทั้งของที่ส่งกลับออกไป ซึ่งนำกลับเข้ามา ภายในหนึ่งปีโดยไม่เปลี่ยนแปลงลักษณะหรือรูปแต่ประการใด และในเวลาที่ส่งออกนั้นได้รับใบสุทธิสำหรับนำกลับเข้ามาแล้วได้รับยกเว้นอากร ให้ผู้ขอยกเว้นอากร จัดทำและส่งข้อมูลใบขนสินค้าขาเข้า โดยระบุค่าดังนี้
 ระบุ Re - Importation Certificate = Y ที่ส่วนรายการในใบขนสินค้า
 การสำแดงพิกัดศุลกากรและรหัสสถิติสินค้าให้สำแดงตรงกับชนิดของของที่นำเข้า
 ระบุ Import Tariff = 1PART4 ระบุ Privilege Code = ตามสิทธิ ณ ขณะนำเข้า
 อัตราอากร ใช้ Tariff Code และ Tariff Sequence อากร ยกเว้น (บันทึก Exemption Rate = 100%) VAT ยกเว้น (บันทึก Exemption Rate = 100%) บันทึกเลขที่ใบขนสินค้าขาออกและรายการที่ของใบขนสินค้าขาออกที่อ้างถึง</description>
    </item>
    
    <item>
      <title>17. สิทธิประโยชน์ทางภาษีอากร</title>
      <link>https://ecs-support.github.io/knowledge-center/customs-clearance/docs/import/import-guide/%E0%B8%AA%E0%B8%B4%E0%B8%97%E0%B8%98%E0%B8%B4%E0%B8%9B%E0%B8%A3%E0%B8%B0%E0%B9%82%E0%B8%A2%E0%B8%8A%E0%B8%99%E0%B9%8C%E0%B8%97%E0%B8%B2%E0%B8%87%E0%B8%A0%E0%B8%B2%E0%B8%A9%E0%B8%B5%E0%B8%AD%E0%B8%B2%E0%B8%81%E0%B8%A3/</link>
      <pubDate>Mon, 01 Jan 0001 00:00:00 +0000</pubDate>
      
      <guid>https://ecs-support.github.io/knowledge-center/customs-clearance/docs/import/import-guide/%E0%B8%AA%E0%B8%B4%E0%B8%97%E0%B8%98%E0%B8%B4%E0%B8%9B%E0%B8%A3%E0%B8%B0%E0%B9%82%E0%B8%A2%E0%B8%8A%E0%B8%99%E0%B9%8C%E0%B8%97%E0%B8%B2%E0%B8%87%E0%B8%A0%E0%B8%B2%E0%B8%A9%E0%B8%B5%E0%B8%AD%E0%B8%B2%E0%B8%81%E0%B8%A3/</guid>
      <description>สิทธิประโยชน์ทางภาษีอากร สิทธิขอคืนอากรตามมาตรา 29  ระบุ 19bis = Y ที่ส่วนรายการในใบขนสินค้า ระบุ Import Tax Incentives ID = เลขที่ทะเบียนผู้ใช้สิทธิตามมาตรา 29 ที่ส่วนรายการในใบขนสินค้า ระบุ Privilege Code  กรณีชำระอากร ให้ระบุตามสิทธิที่มีขณะนำเข้า เช่น มาตรา 12, WTO, TAU, AFTA
เป็นต้น และต้องคำนวณค่าภาษีอากรตามปกติ   กรณีวางประกัน ตามมาตรา 30 ให้ระบุ Privilege Code = 000 ตามอัตราปกติเท่านั้น  การชำระอากรตรวจสอบกับหลักการ ตามมาตรา 29 เช่น  ชำระอากรเต็มจำนวน ลดเหลือกึ่งหนึ่งจากอากรที่เรียกเก็บเป็นการทั่วไป ตามมาตรา 12 พระราชกำหนดพิกัดอัตราศุลกากร (สำหรับ จดทะเบียนตลาดหลักทรัพย์, บริษัทมหาชนจำกัด, สมาชิกสภาอุตสาหกรรม, สมาชิกหอการค้า, อื่น ๆ) ให้บันทึก Exemption Rate = 50 ลดเหลือร้อยละ 5 จากอากรที่เรียกเก็บเป็นการทั่วไป ตามมาตรา 12 พระราชกำหนดพิกัดอัตราศุลกากร (สำหรับ Gold Card) ให้บันทึก Exemption Rate = 95  วางประกันตามมาตรา 30 สำหรับของนำเข้าตามมาตรา 29 ให้บันทึกการวางประกัน โดย ระบุรหัสเหตุผลการวางประกันมาในช่อง Deposit Reason Code (D09) ที่ส่วนรายการในใบขนสินค้า (Deposit) ระบุจำนวนเงินวางประกันมาในช่อง Deposit Amount ที่ส่วนรายการในใบขนสินค้า (Duty) และที่ส่วนรายการในใบขนสินค้า (Deposit)   อากรศุลกากร ให้ยกยอดจากอากรศุลกากรที่ตรวจสอบกับหลักการ มาวางประกัน ภาษีสรรพสามิตและค่าภาษีอากรอื่น ๆ ต้องวางประกันเต็มจำนวน VAT ต้องชำระเต็ม ไม่สามารถวางประกันได้ การวางประกันให้ ปัดเศษของสตางค์ (ทศนิยมหลักที่ 3) ตามหลักสากล สิทธิคลังสินค้าทัณฑ์บน  ระบุ Bond = Y ที่ส่วนรายการในใบขนสินค้า ระบุ Import Tax Incentives ID = เลขที่ทะเบียนผู้ใช้สิทธิประโยชน์ทางภาษีอากร ที่นำสินค้า เข้าเก็บ ที่ส่วนรายการในใบขนสินค้า ให้ระบุเลขประจำตัวผู้เสียภาษีอากรของผู้นำเข้าตรงกับเลขประจำตัวผู้เสียภาษีอากรที่จดทะเบียนคลังสินค้าทัณฑ์บน หรือผู้ที่เจ้าของคลังแจ้งอนุญาตไว้กับกรมศุลกากร ระบุ Privilege Code ตามสิทธิที่มีขณะนำเข้า เช่น มาตรา 12, WTO, TAU, AFTA เป็นต้น และต้องคำนวณค่าภาษีอากรตามปกติ ใช้สิทธิยกเว้นอากรให้ใส่ Exemption Rate = 100 ระบุรหัสสถานที่นำเข้า (Discharge Port) เป็นรหัสสถานที่ของศุลกากร ณ ด่านศุลกากร ที่นำของเข้า (First Port) ระบุรหัสสถานที่ตรวจปล่อย (Release Port) ให้บันทึกข้อมูลรหัสสถานที่ตรวจปล่อย (Release Port) เป็น ด่านศุลกากร ที่นำของเข้า (First Port)</description>
    </item>
    
    <item>
      <title>18. การขอวางประกันโต้แย้งพิกัดอัตราศุลกากร /การวางประกัน</title>
      <link>https://ecs-support.github.io/knowledge-center/customs-clearance/docs/import/import-guide/%E0%B8%A7%E0%B8%B2%E0%B8%87%E0%B8%9B%E0%B8%A3%E0%B8%B0%E0%B8%81%E0%B8%B1%E0%B8%99%E0%B9%82%E0%B8%95%E0%B9%89%E0%B9%81%E0%B8%A2%E0%B9%89%E0%B8%87%E0%B8%9E%E0%B8%B4%E0%B8%81%E0%B8%B1%E0%B8%94/</link>
      <pubDate>Mon, 01 Jan 0001 00:00:00 +0000</pubDate>
      
      <guid>https://ecs-support.github.io/knowledge-center/customs-clearance/docs/import/import-guide/%E0%B8%A7%E0%B8%B2%E0%B8%87%E0%B8%9B%E0%B8%A3%E0%B8%B0%E0%B8%81%E0%B8%B1%E0%B8%99%E0%B9%82%E0%B8%95%E0%B9%89%E0%B9%81%E0%B8%A2%E0%B9%89%E0%B8%87%E0%B8%9E%E0%B8%B4%E0%B8%81%E0%B8%B1%E0%B8%94/</guid>
      <description>การขอวางประกันโต้แย้งพิกัดอัตราศุลกากร /การวางประกัน การขอวางประกันในกรณีที่พนักงานศุลกากรเห็นว่ามีปัญหาเกี่ยวกับจำนวนค่าอากรสำหรับของที่กำลังผ่านศุลกากร การวางประกัน กรณีที่พนักงานศุลกากรเห็นว่ามีปัญหาเกี่ยวกับค่าอากรในการปฏิบัติพิธีการ ตามมาตรา 55 และถูกวางประกันไว้แล้ว หากผู้นำของเข้ามีความประสงค์ขอวางประกันของที่นำเข้าในลักษณะเดิมที่นำเข้ามาในภายหลัง ให้สำแดงพิกัดอัตราศุลกากรในอัตราสูง ชำระภาษีอากรในอัตราอากรที่สำแดงต่ำและถูกจับกุม โดยนำยอดอากรที่เป็นส่วนต่างของค่าภาษีขาเข้าสำแดงไว้ในช่องวางประกัน แต่ให้ชำระภาษีมูลค่าเพิ่มในพิกัดอัตราอากรสูงเต็มจำนวน โดยให้บันทึกพิกัดอัตราศุลกากรในอัตราที่ขอวางประกันในช่อง Argumentative ทั้ง 3 ช่องตามตัวอย่างด้านล่างนี้ พร้อมทั้ง ให้ระบุเลขที่ใบขนสินค้าขาเข้าฉบับที่มีปัญหาที่ช่อง Reference Declaration Number และ Reference Declaration Line Number โดยจัดทำข้อมูลใบขนสินค้าขาเข้าเพื่อขอพบพนักงานศุลกากรกรณีมีปัญหาพิกัด/ราคา (Assessment Request)
หลักการสำแดงข้อมูลใบขนสินค้าขาเข้า กรณีขอวางประกันปัญหาพิกัดอัตราศุลกากร หลักการสำแดงข้อมูลใบขนสินค้าขาเข้า กรณีขอวางประกันปัญหาราคา การขอเรียกร้องขอคืนเงินอากรเพราะเหตุที่ได้เสียไว้เกินจำนวนที่พึงต้องเสียจริง การขอคืนเงินอากรกรณีที่เสียไว้เกิน ตามมาตรา 25 ผู้ประกอบการต้องสำแดงพิกัดอัตราศุลกากรในอัตราสูง ชำระอากรอัตราอากรสูง และขอคืนอากรไว้ในพิกัดอัตราอากรซึ่งต่ำกว่าที่สำแดง ในช่อง Argumentative ทั้ง 4 ช่องตามตัวอย่างด้านล่างนี้ โดยจัดทำข้อมูลใบขนสินค้าขาเข้าเพื่อขอพบพนักงานศุลกากรกรณีมีปัญหาพิกัด/ราคา (Assessment Request)
หลักการสำแดงข้อมูลใบขนสินค้าขาเข้า กรณีขอโต้แย้งปัญหาพิกัดอัตราศุลกากร
หลักการสำแดงข้อมูลใบขนสินค้าขาเข้า กรณีขอโต้แย้งปัญหาตามมาตรา 14 ตัวอย่าง
- พิกัดที่ต้องชำระ คือ 34022013 อัตรา 10 %
- พิกัดที่ขอโต้แย้ง คือ 38099110 อัตรา 0 %</description>
    </item>
    
    <item>
      <title>19. การขอวางประกันโต้แย้งพิกัดอัตราศุลกากร /การวางประกัน</title>
      <link>https://ecs-support.github.io/knowledge-center/customs-clearance/docs/import/import-guide/%E0%B8%82%E0%B8%AD%E0%B8%A7%E0%B8%B2%E0%B8%87%E0%B8%9B%E0%B8%A3%E0%B8%B0%E0%B8%81%E0%B8%B1%E0%B8%99%E0%B8%81%E0%B8%AD%E0%B8%87%E0%B8%97%E0%B8%B8%E0%B8%99%E0%B8%99%E0%B9%89%E0%B8%B3%E0%B8%A1%E0%B8%B1%E0%B8%99/</link>
      <pubDate>Mon, 01 Jan 0001 00:00:00 +0000</pubDate>
      
      <guid>https://ecs-support.github.io/knowledge-center/customs-clearance/docs/import/import-guide/%E0%B8%82%E0%B8%AD%E0%B8%A7%E0%B8%B2%E0%B8%87%E0%B8%9B%E0%B8%A3%E0%B8%B0%E0%B8%81%E0%B8%B1%E0%B8%99%E0%B8%81%E0%B8%AD%E0%B8%87%E0%B8%97%E0%B8%B8%E0%B8%99%E0%B8%99%E0%B9%89%E0%B8%B3%E0%B8%A1%E0%B8%B1%E0%B8%99/</guid>
      <description>ขอวางประกันกองทุนน้ำมันเชื้อเพลิงและเงินกองทุนเพื่อส่งเสริมการอนุรักษ์พลังงาน หลักการสำแดงข้อมูลใบขนสินค้าขาเข้า กรณีขอวางประกันกองทุนน้ำมันเชื้อเพลิงและเงินกองทุนเพื่อส่งเสริมการอนุรักษ์พลังงาน</description>
    </item>
    
    <item>
      <title>20. ขอชำระหรือวางประกันอากรตอบโต้การทุ่มตลาดและการอุดหนุน</title>
      <link>https://ecs-support.github.io/knowledge-center/customs-clearance/docs/import/import-guide/%E0%B8%A7%E0%B8%B2%E0%B8%87%E0%B8%9B%E0%B8%A3%E0%B8%B0%E0%B8%81%E0%B8%B1%E0%B8%99%E0%B8%95%E0%B8%AD%E0%B8%9A%E0%B9%82%E0%B8%95%E0%B9%89%E0%B8%81%E0%B8%B2%E0%B8%A3%E0%B8%97%E0%B8%B8%E0%B9%88%E0%B8%A1%E0%B8%95%E0%B8%A5%E0%B8%B2%E0%B8%94/</link>
      <pubDate>Mon, 01 Jan 0001 00:00:00 +0000</pubDate>
      
      <guid>https://ecs-support.github.io/knowledge-center/customs-clearance/docs/import/import-guide/%E0%B8%A7%E0%B8%B2%E0%B8%87%E0%B8%9B%E0%B8%A3%E0%B8%B0%E0%B8%81%E0%B8%B1%E0%B8%99%E0%B8%95%E0%B8%AD%E0%B8%9A%E0%B9%82%E0%B8%95%E0%B9%89%E0%B8%81%E0%B8%B2%E0%B8%A3%E0%B8%97%E0%B8%B8%E0%B9%88%E0%B8%A1%E0%B8%95%E0%B8%A5%E0%B8%B2%E0%B8%94/</guid>
      <description>ขอชำระหรือวางประกันอากรตอบโต้การทุ่มตลาดและการอุดหนุน หลักการสำแดงข้อมูลใบขนสินค้าขาเข้า กรณีมีค่าอากรตอบโต้การทุ่มตลาดและการอุดหนุนต้องชำระ
หลักการสำแดงข้อมูลใบขนสินค้าขาเข้า กรณีขอวางประกันค่าอากรตอบโต้การทุ่มตลาดและ การอุดหนุน
ตัวอย่าง ราคาศุลกากรที่ต้องชำระ คือ 100,000
ส่งข้อมูลดังนี้ Tariff Code 000034022013 CIF Value Baht 0000000100000.00</description>
    </item>
    
    <item>
      <title>21. หลักการบันทึกค่าภาษีอากรและวางประกัน ในใบขนสินค้าขาเข้า</title>
      <link>https://ecs-support.github.io/knowledge-center/customs-clearance/docs/import/import-guide/%E0%B8%AB%E0%B8%A5%E0%B8%B1%E0%B8%81%E0%B8%81%E0%B8%B2%E0%B8%A3%E0%B8%9A%E0%B8%B1%E0%B8%99%E0%B8%97%E0%B8%B6%E0%B8%81%E0%B8%84%E0%B9%88%E0%B8%B2%E0%B8%A0%E0%B8%B2%E0%B8%A9%E0%B8%B5/</link>
      <pubDate>Mon, 01 Jan 0001 00:00:00 +0000</pubDate>
      
      <guid>https://ecs-support.github.io/knowledge-center/customs-clearance/docs/import/import-guide/%E0%B8%AB%E0%B8%A5%E0%B8%B1%E0%B8%81%E0%B8%81%E0%B8%B2%E0%B8%A3%E0%B8%9A%E0%B8%B1%E0%B8%99%E0%B8%97%E0%B8%B6%E0%B8%81%E0%B8%84%E0%B9%88%E0%B8%B2%E0%B8%A0%E0%B8%B2%E0%B8%A9%E0%B8%B5/</guid>
      <description> หลักการบันทึกค่าภาษีอากรและวางประกัน ในใบขนสินค้าขาเข้า หมายเหตุ
 ตัวอย่างด้านบนใช้ Duty rate เท่ากับ 20% การคำนวณอากรที่ชำระ (Amount Paid) ปกติแล้วจะต้องมีค่าเท่ากับอากรตามปกติ (Amount) ตาม Case 1 ยกเว้น Exemption Rate มีค่า อากรที่ชำระ (Amount Paid) ที่คำนวณได้นั้น หากต้องการวางประกัน ให้บันทึกค่าที่ช่อง Deposit Amount ให้เท่ากับ อากรที่ชำระ (Amount Paid) เท่านั้น   การคำนวณค่าวางประกัน ทุกกรณี ไม่ต้องปัดเป็นตัวกลมให้วางเท่ากับค่าอากรที่ชำระ </description>
    </item>
    
    <item>
      <title>22. Payment Method and Guarantee Method Guideline</title>
      <link>https://ecs-support.github.io/knowledge-center/customs-clearance/docs/import/import-guide/payment-method/</link>
      <pubDate>Mon, 01 Jan 0001 00:00:00 +0000</pubDate>
      
      <guid>https://ecs-support.github.io/knowledge-center/customs-clearance/docs/import/import-guide/payment-method/</guid>
      <description> Payment Method and Guarantee Method Guideline หมายเหตุ
ถ้า Total Payment Amount มีค่าต้องระบุ ข้อมูลดังต่อไปนี้ด้วย  Bank Code Bank Branch Code Bank Account Number Customs Bank Code ถ้า Total Deposit Amount มีค่าต้องระบุ ข้อมูลดังต่อไปนี้ด้วย  Guarantee Bank Code Guarantee Bank Branch Code Guarantee Bank Account Number (ถ้ามี) </description>
    </item>
    
    <item>
      <title>23. รหัสเหตุผลการโต้แย้ง</title>
      <link>https://ecs-support.github.io/knowledge-center/customs-clearance/docs/import/import-guide/%E0%B8%A3%E0%B8%AB%E0%B8%B1%E0%B8%AA%E0%B9%80%E0%B8%AB%E0%B8%95%E0%B8%B8%E0%B8%9C%E0%B8%A5%E0%B8%81%E0%B8%B2%E0%B8%A3%E0%B9%82%E0%B8%95%E0%B9%89%E0%B9%81%E0%B8%A2%E0%B9%89%E0%B8%87/</link>
      <pubDate>Mon, 01 Jan 0001 00:00:00 +0000</pubDate>
      
      <guid>https://ecs-support.github.io/knowledge-center/customs-clearance/docs/import/import-guide/%E0%B8%A3%E0%B8%AB%E0%B8%B1%E0%B8%AA%E0%B9%80%E0%B8%AB%E0%B8%95%E0%B8%B8%E0%B8%9C%E0%B8%A5%E0%B8%81%E0%B8%B2%E0%B8%A3%E0%B9%82%E0%B8%95%E0%B9%89%E0%B9%81%E0%B8%A2%E0%B9%89%E0%B8%87/</guid>
      <description> รหัสเหตุผลการโต้แย้ง (Argumentative Reason Code) </description>
    </item>
    
    <item>
      <title>24. ประเภทค่าภาษีอากร</title>
      <link>https://ecs-support.github.io/knowledge-center/customs-clearance/docs/import/import-guide/type-duty/</link>
      <pubDate>Mon, 01 Jan 0001 00:00:00 +0000</pubDate>
      
      <guid>https://ecs-support.github.io/knowledge-center/customs-clearance/docs/import/import-guide/type-duty/</guid>
      <description> ประเภทค่าภาษีอากรที่ต้องชำระและ/หรือวางประกัน (Duty Type) </description>
    </item>
    
    <item>
      <title>25. หน่วยงานผู้ออกใบอนุญาต</title>
      <link>https://ecs-support.github.io/knowledge-center/customs-clearance/docs/import/import-guide/%E0%B8%AB%E0%B8%99%E0%B9%88%E0%B8%A7%E0%B8%A2%E0%B8%87%E0%B8%B2%E0%B8%99%E0%B8%9C%E0%B8%B9%E0%B9%89%E0%B8%AD%E0%B8%AD%E0%B8%81%E0%B9%83%E0%B8%9A%E0%B8%AD%E0%B8%99%E0%B8%B8%E0%B8%8D%E0%B8%B2%E0%B8%95/</link>
      <pubDate>Mon, 01 Jan 0001 00:00:00 +0000</pubDate>
      
      <guid>https://ecs-support.github.io/knowledge-center/customs-clearance/docs/import/import-guide/%E0%B8%AB%E0%B8%99%E0%B9%88%E0%B8%A7%E0%B8%A2%E0%B8%87%E0%B8%B2%E0%B8%99%E0%B8%9C%E0%B8%B9%E0%B9%89%E0%B8%AD%E0%B8%AD%E0%B8%81%E0%B9%83%E0%B8%9A%E0%B8%AD%E0%B8%99%E0%B8%B8%E0%B8%8D%E0%B8%B2%E0%B8%95/</guid>
      <description> เลขประจำตัวผู้เสียภาษีของหน่วยงานผู้ออกใบอนุญาต (Permit Issue Authority)    ลำดับที่ หน่วยงาน เลขประจำตัวผู้เสียภาษี 13 หลัก     1 กรมการขนส่งทางบก 0994000161328   2 กรมการขนส่งทางอากาศ 0994000158084   3 กรมการค้าต่างประเทศ 0994000159561   4 กรมการค้าภายใน 0994000161450   5 กรมควบคุมโรค 0994000241801   6 กรมเชื้อเพลิงธรรมชาติ 0994000036191   7 กรมทรัพยากรธรณี 0994000160887   8 กระทรวงทรัพยากรธรรมชาติและสิ่งแวดล้อม 0994000044615   9 กรมธุรกิจพลังงาน 0994000036337   10 กรมประมง 0994000160259   11 กรมปศุสัตว์ 0994000159251   12 กรมป่าไม้ 0994000159897   13 กรมพัฒนาธุรกิจการค้า 0994000244746   14 กรมโรงงานอุตสาหกรรม 0994000528116   15 กรมวิชาการเกษตร 0994000158921   16 กรมวิทยาศาสตร์การแพทย์ 0994000160682   17 กรมศุลกากร 0994000163011   18 กรมส่งเสริมการส่งออก 0994000159668   19 กรมสรรพสามิต 0994000160461   20 กรมสรรพากร 0994000158441   21 กรมอุตสาหกรรมทหาร 0994000011679   22 กรมอุตสาหกรรมพื้นฐานและการเหมืองแร่ 0994000036213   23 กรมอุทยานแห่งชาติสัตว์ป่าและพันธุ์พืช 0994000041969   24 การท่าเรือแห่งประเทศไทย 0994000165480   25 การนิคมอุตสาหกรรมแห่งประเทศไทย 0994000164980   26 สำนักงานคณะกรรมการกิจการโทรคมนาคมแห่งชาติ 0994000049447   27 สภาหอการค้าไทย 0994000164921   28 สำนักงานคณะกรรมการส่งเสริมการลงทุน 0994000740964   29 สำนักงานคณะกรรมการอาหารและยา 0994000165676   30 สำนักงานพลังงานปรมาณูเพื่อสันติ 0994000159544   31 สำนักงานมาตรฐานสินค้าเกษตรและอาหารแห่งชาติ 0994000037015    หากเป็นใบอนุญาตจากต่างประเทศ เช่น ATIGA Form D ในช่องเลขประจำตัวผู้เสียภาษีอากร ของผู้ออกใบอนุญาตให้ระบุชื่อย่อประเทศผู้ออกใบอนุญาต นั้น เช่น MY = ประเทศมาเลเซีย เป็นต้น</description>
    </item>
    
    <item>
      <title>26. การตัดบัญชีใบขนสินค้ากับรายงานการนำของเข้า</title>
      <link>https://ecs-support.github.io/knowledge-center/customs-clearance/docs/import/import-guide/checking-mainfest/</link>
      <pubDate>Mon, 01 Jan 0001 00:00:00 +0000</pubDate>
      
      <guid>https://ecs-support.github.io/knowledge-center/customs-clearance/docs/import/import-guide/checking-mainfest/</guid>
      <description>การตัดบัญชีใบขนสินค้ากับรายงานการนำของเข้า การตรวจสอบข้อมูลใบขนสินค้ากับข้อมูล Manifest  การยื่นใบขนสินค้าขาเข้าและการชำระค่าภาษีอากร หรือวางประกันค่าภาษีอากรสำหรับใบขนสินค้า ขาเข้าทุกประเภท ให้สามารถกระทำได้ทั้งก่อนและหลังวันเรือเข้า โดยผู้นำของเข้าหรือตัวแทนต้องสำแดงชื่อเรือ วันเรือเข้า ไว้ในใบขนสินค้าขาเข้า ให้ตรงตามข้อมูล Manifest
 กรณีที่มีการเปลี่ยนแปลงวันเรือเข้า ภายหลังการปฏิบัติพิธีการและชำระค่าภาษีอากรหรือวางประกันแล้ว
 หากเป็นเหตุให้มีการเปลี่ยนแปลงอัตราแลกเปลี่ยนเงินตราต่างประเทศ อัตราอากร ให้ผู้นำของเข้าหรือตัวแทนยื่นคำร้องขอแก้ไขข้อมูลใบขนสินค้าขาเข้านั้น ต่อหน่วยบริการศุลกากรของ ด่านศุลกากรที่นำของเข้า หรือโรงพักสินค้าหรือที่มั่นคงซึ่งเป็นที่ตรวจและเก็บสินค้าดังกล่าว กรณีมีผลกระทบค่าภาษีอากรให้ผู้นำของเข้าหรือตัวแทนชำระค่าภาษีอากรหรือวางประกันค่าภาษีอากรให้ถูกต้องก่อน แล้วจึงจะสามารถรับการตรวจปล่อยสินค้าต่อไป  ข้อมูลบัญชีสินค้า (Manifest)
     Seq. Field Name Format Field Description     1 Vessel Name an..35 ชื่อยานพาหนะ   2 Discharge Port n..4 รหัสสถานที่นำเข้า   3 Arrival Date n8 วันที่นำเข้า   4 Master Bill of Lading an.</description>
    </item>
    
    <item>
      <title>27. รหัสสิทธิพิเศษ ตามความตกลงระหว่างประเทศ</title>
      <link>https://ecs-support.github.io/knowledge-center/customs-clearance/docs/import/import-guide/privilege/</link>
      <pubDate>Mon, 01 Jan 0001 00:00:00 +0000</pubDate>
      
      <guid>https://ecs-support.github.io/knowledge-center/customs-clearance/docs/import/import-guide/privilege/</guid>
      <description>รหัสสิทธิพิเศษ ตามข้อผูกพันสัญญาหรือความตกลงระหว่างประเทศ    รหัสสิทธิพิเศษ ประเภทสิทธิพิเศษ ชื่อ/คำอธิบายสิทธิพิเศษ     A00 ASEAN AICO 0 %   A03 ASEAN AICO 3 %   A05 ASEAN AICO 5 %   AAN FTA พหุภาคี อาเซียน-ออสเตรเลีย-นิวซีแลนด์   ACN FTA พหุภาคี อาเซียน-จีน   AF1 ASEAN AFTA   AI1 ASEAN AISP-ราชอาณาจักรกัมพูชา   AI2 ASEAN AISP-สหภาพพม่า   AI3 ASEAN AISP-สาธารณรัฐประชาธิปไตยประชาชนลาว   AIN FTA พหุภาคี อาเซียน-อินเดีย   AJ1 FTA พหุภาคี การยกเว้นอากรและลดอัตราอากรศุลกากรสำหรับเขตการค้าเสรีอาเซียน-ญี่ปุ่น (บัญชีอัตราอากร1)   AJ2 FTA พหุภาคี การยกเว้นอากรและลดอัตราอากรศุลกากรสำหรับเขตการค้าเสรีอาเซียน-ญี่ปุ่น (บัญชีอัตราอากร2)   AJ3 FTA พหุภาคี การยกเว้นอากรและลดอัตราอากรศุลกากรสำหรับเขตการค้าเสรีอาเซียน-ญี่ปุ่น (บัญชีอัตราอากร3)   AJ4 FTA พหุภาคี การยกเว้นอากรและลดอัตราอากรศุลกากรสำหรับเขตการค้าเสรีอาเซียน-ญี่ปุ่น(บัญชีอัตราอากร1 (OEM))   AK1 FTA พหุภาคี อาเซียน-เกาหลี   AK2 FTA พหุภาคี อาเซียน-เกาหลี   AK3 FTA พหุภาคี อาเซียน-เกาหลี   ATG ASEAN อาเซียน   BD1 อื่น ๆ ไทย-บังคลาเทศ   CF1 มาตรา 12 Contract Farming   FL1 อื่น ๆ การยกเว้นอากรศุลกากรในเขตพื้นที่ประสบอุทกภัย (HS 2017)   FL2 อื่น ๆ การยกเว้นอากรศุลกากรในเขตพื้นที่ประสบอุทกภัย (HS 2017)   FL3 อื่น ๆ การยกเว้นอากรศุลกากรในเขตพื้นที่ประสบอุทกภัย (HS 2017)   GS1 อื่น ๆ GSTP   ITA WTO สินค้าเทคโนโลยีสารสนเทศตามความตกลง WTO   KH1 WTO ไทย-กัมพูชา   LA1 WTO ไทย-ลาว   LA2 อื่น ๆ ไทย-ลาว   O01 อื่น ๆ ม.</description>
    </item>
    
  </channel>
</rss>