<?xml version="1.0" encoding="utf-8" standalone="yes"?>
<rss version="2.0" xmlns:atom="http://www.w3.org/2005/Atom">
  <channel>
    <title>ภาษีสรรพสามิต on Knowledge Center</title>
    <link>https://ecs-support.github.io/knowledge-center/customs-clearance/docs/import/excise/</link>
    <description>Recent content in ภาษีสรรพสามิต on Knowledge Center</description>
    <generator>Hugo -- gohugo.io</generator>
    
	<atom:link href="https://ecs-support.github.io/knowledge-center/customs-clearance/docs/import/excise/index.xml" rel="self" type="application/rss+xml" />
    
    
    <item>
      <title>คู่มือสำหรับประชาชนของกรมสรรพสามิต</title>
      <link>https://ecs-support.github.io/knowledge-center/customs-clearance/docs/import/excise/excise_announcement_list/</link>
      <pubDate>Mon, 01 Jan 0001 00:00:00 +0000</pubDate>
      
      <guid>https://ecs-support.github.io/knowledge-center/customs-clearance/docs/import/excise/excise_announcement_list/</guid>
      <description>คู่มือสำหรับประชาชนของกรมสรรพสามิต ตามพระราชบัญญัติภาษีสรรพสามิต พ.ศ. 2560 (6 งาน 65 กระบวนงาน)
1. งานจดทะเบียน  กระบวนงานที่ 1 การจดทะเบียน การเปลี่ยนแปลงข้อมูลที่จดทะเบียนแล้ว และการขอรับใบแทนใบทะเบียนสรรพสามิต กระบวนงานที่ 2 การขอย้าย/เลิก/โอน กิจการ  2. งานชำระภาษี  กระบวนงานที่ 3 การขออนุญาตนำสินค้าออกหรือกลับคืนโรงอุตสาหกรรม คลังสินค้าทัณฑ์บน หรือสถานที่อื่น (มาตรา 26 (1)(2) มาตรา 50 วรรคสอง (1) และมาตรา 103 วรรคสอง) กระบวนงานที่ 4 การขอนำรถยนต์ออกจากโรงอุตสาหกรรมหรือคลังสินค้าทัณฑ์บนเพื่อทดสอบประสิทธิภาพในระหว่างขั้นตอนการผลิต กระบวนงานที่ 5 การขออนุญาต การขอใบแทนใบอนุญาต และการขอเลิก สถานแสดงรถยนต์เพื่อขาย กระบวนงานที่ 6 การขอใบอนุญาตตั้ง ขอรับใบแทนใบอนุญาต ขอโอน และขอเลิกกิจการ คลังสินค้าทัณฑ์บน กระบวนงานที่ 7 การขอชำระภาษีสรรพสามิตกรณีดัดแปลงรถยนต์ กระบวนงานที่ 8 การขอชำระภาษีภายในวันที่สิบห้าของเดือนถัดจากเดือนที่นำสินค้าออกจากโรงอุตสาหกรรมหรือคลังสินค้าทัณฑ์บนโดยมีหลักประกัน  3. งานคืน ยกเว้น และลดหย่อนภาษี  กระบวนงานที่ 9 การขออนุมัติลดหย่อนภาษีสรรพสามิต กระบวนงานที่ 10 การยกเว้นหรือคืนภาษีสำหรับสินค้าที่ส่งออกไปนอกราชอาณาจักรหรือนำเข้าไปในเขตปลอดอากร กระบวนงานที่ 11 การยกเว้นภาษีสำหรับสินค้าที่นำไปเก็บไว้ ณ สถานที่เก็บสินค เพื่อรอการส่งออกไปนอกราชอาณาจักรหรือนำเข้าไปในเขตปลอดอากร ตามมาตรา 103 และการยกเว้นภาษีน้ำมันและผลิตภัณฑ์น้ำมันที่นำไปเก็บไว้ ณ สถานที่เก็บสินค้าเพื่อรอนำไปใช้เติมเรือไปต่างประเทศ ตามมาตรา 107 (4) กระบวนงานที่ 12 การขอยกเว้นภาษีสำหรับสินค้าที่นำไปใช้เป็นวัตถุดิบ หรือส่วนประกอบในการผลิตสินค้า กระบวนงานที่ 13 การยกเว้นหรือคืนภาษีสำหรับสินค้าบริจาค ตามมาตรา 107 (1) และ (2) กระบวนงานที่ 14 การยกเว้นหรือคืนภาษีสำหรับสินค้าที่จำหน่ายให้แก่ผู้ได้รับเอกสิทธิ์ ตามมาตรา 107 (3) กระบวนงานที่ 15 การยกเว้นภาษีสำหรับสุรากลั่นชนิดเอทานอลที่นำไปใช้เป็นวัตถุดิบหรือส่วนประกอบในการผลิตน้ำมันเชื้อเพลิงเพื่อใช้เป็นเชื้อเพลิง กระบวนงานที่ 16 การยกเว้นหรือคืนภาษีสำหรับน้ำมันและผลิตภัณฑ์น้ำมันที่เติมในอากาศยานหรือเรือที่มีขนาดเกินกว่าห้าร้อยตันกรอสส์ ตามมาตรา 107 (4) กระบวนงานที่ 17 การขอเสียภาษีในอัตราศูนย์สำหรับน้ำมันดีเซลที่นำไปจำหน่ายในเขตต่อเนื่องของราชอาณาจักร กระบวนงานที่ 18 การขอเสียภาษีในอัตราศูนย์สำหรับน้ำมันเชื้อเพลิงเครื่องบินไอพ่นที่นำไปใช้เป็นเชื้อเพลิงสำหรับอากาศยานไปต่างประเทศ กระบวนงานที่ 19 การขอเสียภาษีในอัตราศูนย์สำหรับน้ำมันและลิตภัณฑ์น้ำมันที่นำไปใช้เป็นวัตถุดิบหรือส่วนประกอบในการผลิตในโรงอุตสาหกรรมน้ำมันและผลิตภัณฑ์น้ำมัน กระบวนงานที่ 20 การขอเสียภาษีอัตราศูนย์สำหรับรถยนต์นั่งหรือรถยนต์โดยสารที่มีที่นั่ง ไม่เกิน 10 คนที่ใช้เป็นรถพยาบาล กระบวนงานที่ 21 การขอคืนภาษี สำหรับสินค้าที่พิสูจน์ได้ว่าเสียหายหรือเสื่อมคุณภาพจนใช้การไม่ได้ กระบวนงานที่ 22 การขออนุมัติเป็นผู้วิจัย พัฒนา หรือทดสอบสมรรถนะรถยนต์หรือรถจักรยานยนต์ตันแบบ กระบวนงานที่ 23 การขอเสียภาษีอัตราศูนย์สำหรับรถยนต์หรือรถจักรยานยนต์ต้นแบบที่นำไปวิจัย พัฒนา หรือทดสอบสมรรถนะ กระบวนงานที่ 24 การขอทำลายรถยนต์หรือรถจักรยานยนต์ต้นแบบที่ใช้ในการวิจัย พัฒนา หรือทดสอบสมรรถนะ กระบวนงานที่ 25 การขออนุมัติสถานที่เก็บสินค้า กระบวนงานที่ 26 การขอเสียภาษีในอัตราศูนย์สำหรับสินค้าน้ำมันหล่อลื่นและน้ำมันที่คล้ายกันของผู้ประกอบอุตสาหกรรมหรือผู้นำเข้าเพื่อนำไปใช้เป็นวัตถุดิบในการผลิตสิ่งของอื่น กระบวนงานที่ 27 การขออนุญาตเป็นตัวแทนจำหน่ายน้ำมันหล่อลื่นหรือผู้ใช้น้ำมันหล่อลื่นซึ่งได้รับสิทธิเสียภาษีในอัตราศูนย์ที่นำไปใช้เป็นวัตถุดิบในการผลิตสิ่งของอื่น กระบวนงานที่ 28 การขอเสียภาษีในอัตราศูนย์สำหรับผู้ประกอบอุตสาหกรรมหรือผู้นำเข้าสารละลายประเภทไฮโดรคาร์บอนเพื่อนำไปใช้ในอุตสาหกรรมต่าง ๆ กระบวนงานที่ 29 การขออนุญาตเป็นตัวแทนในการซื้อสารละลายประเภทไฮโดรคาร์บอนเพื่อจำหน่ายหรือผู้ใช้สารละลายประเภทไฮโดรคาร์บอนซึ่งเสียภาษีในอัตราศูนย์ ที่นำไปใช้ในอุตสาหกรรมต่าง ๆ กระบวนงานที่ 30 การขอเสียภาษีในอัตราศูนย์สำหรับแบตเตอรี่ที่ใช้เป็นวัตถุดิบหรือส่วนประกอบในการผลิตสิ่งของอื่น เพื่อส่งออกนอกราชอาณาจักร กระบวนงานที่ 31 การขอลงทะเบียนเป็นผู้ใช้แบตเตอรี่ที่เสียภาษีอัตราศูนย์สำหรับแบตเตอรี่ที่ใช้เป็นวัตถุดิบหรือส่วนประกอบในการผลิตสิ่งของอื่นเพื่อการส่งออกนอกราชอาณาจักร  4.</description>
    </item>
    
    <item>
      <title>ประกาศกรมสรรพสามิต แยกตามประเภทสินค้าและบริการ</title>
      <link>https://ecs-support.github.io/knowledge-center/customs-clearance/docs/import/excise/excise_announcement_product_list/</link>
      <pubDate>Mon, 01 Jan 0001 00:00:00 +0000</pubDate>
      
      <guid>https://ecs-support.github.io/knowledge-center/customs-clearance/docs/import/excise/excise_announcement_product_list/</guid>
      <description>ประกาศกรมสรรพสามิตที่ออกตามความในกฎกระทรวงกำหนดพิกัดอัตราภาษีสรรพสามิต พ.ศ. 2560 และที่แก้ไขเพิ่มเติม รวมถึงประกาศ/ระเบียบ/คำสั่งอื่น ๆ ที่เกี่ยวข้อง แยกตามประเภทสินค้าและบริการ 1. สินค้าน้ำมันและผลิตภัณฑ์น้ำมัน  ประกาศกรมสรรพสามิต เรื่อง กำหนดหลักเกณฑ์และเงื่อนไข สำหรับน้ำมันแก๊สโซฮอลล์ และน้ำมันดีเซลที่มีไบโอดีเซลผสม
 ประกาศกรมสรรพสามิต เรื่อง หลักเกณฑ์ และเงื่อนไขการเสียภาษีในอัตราศูนย์สำหรับน้ำมันเชื้อเพลิง เครื่องบินไอพ่นที่นำไปใช้เป็นเชื้อเพลิงสำหรับอากาศยานไปต่างประเทศ
 ประกาศกรมสรรพสามิต เรื่อง หลักเกณฑ์ และเงื่อนไขการเสียภาษีในอัตราศูนย์สำหรับน้ำมันดีเซล ที่นำไปจำหน่ายในเขตต่อเนื่องของราชอาณาจักร
 ระเบียบกรมสรรพสามิต ว่าด้วยหลักเกณฑ์ วิธีการ และเงื่อนไขในการเติมสาร Marker ในน้ำมันดีเซล พ.ศ. 2560
  ประกาศกรมสรรพสามิต เรื่อง หลักเกณฑ์ และเงื่อนไขการเสียภาษีในอัตราศูนย์สำหรับน้ำมันดีเซลที่ใช้ เป็นเชื้อเพลิงในเรือเดินทางไปกลับ ในเขตพื้นที่พัฒนาร่วมไทย-มาเลเซีย
 ประกาศกรมสรรพสามิต เรื่อง หลักเกณฑ์ วิธีการ และเงื่อนไข การเสียภาษีในอัตราศูนย์สำหรับ ก๊าซปิโตรเลียมเหลว (แอล.พี.จี.) ก๊าซโพรเพน และก๊าซที่คล้ายกันที่ใช้ในการผลิตกระแสไฟฟ้าและขายไฟฟ้าทั้งหมดให้แก่การไฟฟ้าฝ่ายผลิตแห่งประเทศไทย
 ประกาศกรมสรรพสามิต เรื่อง กำหนดหลักเกณฑ์ วิธีการ และเงื่อนไข ในการใช้ผลิตภัณฑ์ที่เป็นของผสมปิทูเมนเป็นเชื้อเพลิง ในการผลิตกระแสไฟฟ้าและขายไฟฟ้าทั้งหมดให้แก่การไฟฟ้าฝ่ายผลิตแห่งประเทศไทย
 ประกาศกรมสรรพสามิต เรื่อง กำหนดคุณสมบัติสารละลายประเภทไฮโดรคาร์บอน (Hydrocarbon Solvent) และน้ำมันหล่อลื่น และน้ำมันที่คล้ายกัน</description>
    </item>
    
    <item>
      <title>สืบค้นรหัสสินค้าสรรพสามิต</title>
      <link>https://ecs-support.github.io/knowledge-center/customs-clearance/docs/import/excise/search_by_product/</link>
      <pubDate>Mon, 01 Jan 0001 00:00:00 +0000</pubDate>
      
      <guid>https://ecs-support.github.io/knowledge-center/customs-clearance/docs/import/excise/search_by_product/</guid>
      <description> สืบค้นรหัสสินค้าสรรพสามิตสำหรับระบบแลกเปลี่ยนข้อมูลอิเล็กทรอนิกส์ สืบค้นตามชนิดสินค้า
   ชนิดสินค้า ชื่อสินค้า     ตอนที่ 1 สินค้าน้ำมันและผลิตภัณฑ์น้ำมัน   ตอนที่ 2 สินค้าเครื่องดื่ม   ตอนที่ 3 สินค้าเครื่องไฟฟ้า   ตอนที่ 4 สินค้าแบตเตอรี่   ตอนที่ 5 สินค้าแก้วและเครื่องแก้ว   ตอนที่ 6 สินค้ารถยนต์   ตอนที่ 7 สินค้ารถจักรยานยนต์   ตอนที่ 8 สินค้าเรือ   ตอนที่ 9 สินค้าผลิตภัณฑ์เครื่องหอมและเครื่องสำอาง   ตอนที่ 10 สินค้าพรมและสิ่งทอปูพื้น   ตอนที่ 11 สินค้าหินอ่อนและหินแกรนิต   ตอนที่ 12 สินค้าทำลายชั้นบรรยากาศโอโซน   ตอนที่ 13 สินค้าสุรา   ตอนที่ 14 สินค้ายาสูบ   ตอนที่ 15 สินค้าไพ่   ตอนที่ 16 สินค้าอื่่น ๆ   ALL ค้นหาทั้งหมด    </description>
    </item>
    
    <item>
      <title>โครงสร้างราคาขายปลีกแนะนำ</title>
      <link>https://ecs-support.github.io/knowledge-center/customs-clearance/docs/import/excise/price_structure/</link>
      <pubDate>Mon, 01 Jan 0001 00:00:00 +0000</pubDate>
      
      <guid>https://ecs-support.github.io/knowledge-center/customs-clearance/docs/import/excise/price_structure/</guid>
      <description> โครงสร้างราคาขายปลีกแนะนำ  ต้นทุนการผลิต
1.1 ในกรณีสินค้าที่ผลิตในราชอาณาจักร หมายถึง ต้นทุนทั้งหมดที่มีอยู่ในการผลิตสินค้า ซึ่งได้แก่ ค่าวัตถุดิบ ค่าแรงงาน และค่าใช้จ่ายอื่นที่ใช้ในกระบวนการผลิต 1.2 ในกรณีสินค้านำเข้า หมายถึง ราคาของสินค้าและค่าใช้จ่ายที่ใช้ในการนำเข้าสินค้ามาในราชอาณาจักร ซึ่งได้แก่ ราคา ซี.ไอ.เอฟ. อากรศุลกากร และค่าใช้จ่ายอื่นที่ใช้ในการดำเนินพิธีการศุลกากร
 ค่าบริหารจัดการ หมายถึง ค่าใช้จ่ายในสำนักงาน ซึ่งได้แก่ ค่าโฆษณา ค่าขนส่ง ค่าประกันภัย ค่าภาษีสรรพสามิต ค่าภาษีอื่น ที่จัดเก็บจากการขายสินค้านั้น ค่าธรรมเนียม (ในการรับฝากของในอารักขาศุลกากร) เงินบำรุงกองทุนหรือองค์การตามที่กฎหมาย กำหนดให้เรียกเก็บจากผู้มีหน้าที่เสียภาษีสำหรับสินค้านั้น และค่าใช้จ่ายอื่นที่เกี่ยวข้องกับการการบริหารการขายสินค้าผู้ประกอบอุตสาหกรรมหรือผู้นำเข้า
 กำไรมาตรฐาน หมายถึง ให้พิจารณาจากราคาขายปลีกแนะนำหักต้นทุนการผลิตและค่าบริหารจัดการ
    ที่มา : กรมสรรพสามิต - Link 1 - Link 2
 </description>
    </item>
    
    <item>
      <title>ตัวอย่างการคำนวณภาษี</title>
      <link>https://ecs-support.github.io/knowledge-center/customs-clearance/docs/import/excise/calculate_excise/</link>
      <pubDate>Mon, 01 Jan 0001 00:00:00 +0000</pubDate>
      
      <guid>https://ecs-support.github.io/knowledge-center/customs-clearance/docs/import/excise/calculate_excise/</guid>
      <description>การคำนวณภาษีสินค้าสรรพสามิต การคำนวณภาษีสินค้าสรรพสามิต ในกรณีสินค้าทั่วไป (ยกเว้นสินค้าในหมวด สุรา ยาสูบ และเครื่องดื่ม) เมื่อกำหนดพิกัดสรรพสามิตและบันทึกข้อมูลตามปกติ โปรแกรมจะคำนวณภาษีสรรพสามิต และภาษีเพื่อมหาดไทยให้โดยอัตโนมัติ
กรณีเป็นสินค้าในหมวด สุรา ยาสูบ และเครื่องดื่ม เมื่อผู้ใช้งานกำหนดพิกัดสรรพสามิตถูกต้อง ต้องเข้าไปบันทึกรายละเอียดเพิ่มเติม ตามรายละเอียดของแต่ละหมวดสินค้ามีรายละเอียดดังนี้
สุรา ยาสูบ เครื่องดื่ม เครื่องดื่มชนิดผง เกล็ด  พิกัดอัตราภาษีสรรพสามิต สำหรับสินค้าเครื่องดื่มชนิดผง เกล็ด หรือเครื่องดื่มเข้มข้น ตามพระราชกฤษฎีกากำหนดประเภทสินค้าตามพิกัดอัตราภาษีสรรพสามิต พ.ศ. 2560 คือ 16.90(1) ผลิตภัณฑ์ที่ใช้เป็นเครื่องดื่มที่มีลักษณะผง เกล็ด หรือเครื่องดื่มเข้มข้นที่มีส่วนผสมของน้ำตาลและสามารถละลายน้ำได้ แต่ไม่รวมถึงผลิตภัณฑ์เสริมอาหารและผลิตภัณฑ์นมที่อยู่ในรูปแบบผงตามกฎหมายว่าด้วยอาหาร ในช่อง &amp;ldquo;ปริมาณตามข้อแนะนำ&amp;rdquo; ให้ใส่ข้อมูล &amp;ldquo;ปริมาตรหรือน้ำหนักของผงหรือเกล็ดเครื่องดื่มที่ใช้ในการชงแต่ละครั้งตามข้อแนะนำ&amp;rdquo; ที่ระบุไว้ข้างภาชนะบรรจุภัณฑ์ ในกรณีที่เครื่องดื่มผงหรือเกล็ดบรรจุอยู่ในซองแบบชงเครื่องดื่มหนึ่งแก้วต่อหนึ่งซอง น้ำหนัก (ปริมาณ) ผงหรือเกล็ดตามข้อแนะนำ เท่ากับ น้ำหนักสุทธิ เช่น 1 ซอง (17.5 กรัม) ในช่อง &amp;ldquo;ปริมาตรหลังผสม&amp;rdquo; ให้ใส่ข้อมูล &amp;ldquo;ปริมาตรของน้ำหรือของเหลวที่ใช้ผสมกับเครื่องดื่มผงหรือเกล็ดตามคำแนะนำหรือวิธีการชง&amp;rdquo; ที่ระบุไว้ที่ข้างภาชนะบรรจุภัณฑ์ เช่น 130 มล./แก้ว ในช่อง &amp;ldquo;น้ำหนัก/ภาชนะ(กรัม)&amp;rdquo; ให้ใส่ข้อมูล &amp;ldquo;น้ำหนัก (ปริมาณ) ของผงหรือเกล็ดเครื่องดื่มสุทธิต่อภาชนะ&amp;rdquo; ที่ระบุไว้ที่ภาชนะบรรจุภัณฑ์ ในช่อง &amp;ldquo;จำนวนภาชนะ&amp;rdquo; ให้ใส่ข้อมูล &amp;ldquo;จำนวนภาชนะทั้งหมด&amp;rdquo; หากข้างขวดหรือที่ฉลากไม่ได้แจ้งข้อมูลใด ๆ ก็ตามข้างต้น ให้ผู้ประกอบอุตสาหกรรมเป็นผู้แจ้งสำแดงข้อมูลของตนเองให้ครบถ้วน เพื่อประกอบการพิจารณาคำนวณภาษีสรรพสามิต ภาษีสรรพสามิตต่อภาชนะบรรจุดังกล่าวที่ตารางคำนวณออกมาได้นั้น เป็นภาษีสรรพสามิตแต่เพียงอย่างเดียวเท่านั้น ยังไม่ได้รวมภาษีเพิ่มขึ้นเพื่อราชการส่วนท้องถิ่น หลักเกณฑ์และวิธีการคำนวณดังกล่าวข้างต้นเป็นไปตามหนังสือสำนักแผนภาษี ด่วนที่สุดที่ กค 0619/1288 ลงวันที่ 2 พฤศจิกายน 2560  เครื่องดื่มเข้มข้น  พิกัดอัตราภาษีสรรพสามิต สำหรับสินค้าเครื่องดื่มชนิดผง เกล็ด หรือเครื่องดื่มเข้มข้น ตามพระราชกฤษฎีกากำหนดประเภทสินค้าตามพิกัดอัตราภาษีสรรพสามิต พ.</description>
    </item>
    
  </channel>
</rss>