<?xml version="1.0" encoding="utf-8" standalone="yes"?>
<rss version="2.0" xmlns:atom="http://www.w3.org/2005/Atom">
  <channel>
    <title>คู่มือสิทธิประโยชน์ทางภาษีอากร on Knowledge Center</title>
    <link>https://ecs-support.github.io/knowledge-center/customs-clearance/docs/tax-incentive/tax-incentive_guide/</link>
    <description>Recent content in คู่มือสิทธิประโยชน์ทางภาษีอากร on Knowledge Center</description>
    <generator>Hugo -- gohugo.io</generator>
    
	<atom:link href="https://ecs-support.github.io/knowledge-center/customs-clearance/docs/tax-incentive/tax-incentive_guide/index.xml" rel="self" type="application/rss+xml" />
    
    
    <item>
      <title>โครงสร้างข้อมูลใบขนสินค้าขาออก</title>
      <link>https://ecs-support.github.io/knowledge-center/customs-clearance/docs/tax-incentive/tax-incentive_guide/data_structure_export/</link>
      <pubDate>Mon, 01 Jan 0001 00:00:00 +0000</pubDate>
      
      <guid>https://ecs-support.github.io/knowledge-center/customs-clearance/docs/tax-incentive/tax-incentive_guide/data_structure_export/</guid>
      <description>โครงสร้างข้อมูลใบขนสินค้าขาออกโอนย้ายภายในประเทศ โครงสร้างข้อมูลใบขนสินค้าขาออกโอนย้ายภายในประเทศ แบ่งได้เป็น 6 ส่วนดังนี้  Export Declaration Control ประกอบด้วย 70 Fields Export Invoice Control ประกอบด้วย 35 Fields Export Invoice Detail ประกอบด้วย 73 Fields Export Invoice Detail (Duty) ประกอบด้วย 12 Fields Export Invoice Detail (Permit) ประกอบด้วย 4 Fields Export Invoice Detail (Deposit) ประกอบด้วย 2 Fields  เงื่อนไขการบันทึกข้อมูล ในกรณีผู้บันทึกไม่สามารถหาข้อมูลได้  หาก Field ใด กำหนดให้ต้องระบุค่า (Value = M) แต่ผู้บันทึกไม่สามารถหาข้อมูลได้ สำหรับ Field ที่เป็น Alphabet (แสดงออกเป็นตัวอักษร) ให้ระบุค่าเป็น N/A สำหรับ Field ที่เป็น Numeric (แสดงออกเป็นตัวเลข) ให้ระบุค่าเป็น 0 (ศูนย์) หาก Field ใด กำหนดให้ไม่ต้องระบุค่า (Value = O) และผู้บันทึกไม่สามารถหาข้อมูลได้ ก็ไม่ต้องบันทึกค่าใด ๆ หาก Field ใด กำหนดให้ต้องระบุค่า เมื่อเข้าเงื่อนไขที่กำหนด (Value = C) แต่ผู้บันทึกไม่สามารถหาข้อมูลได้ สำหรับ Field ที่เป็น Alphabet (แสดงออกเป็นตัวอักษร) ให้ระบุค่าเป็น N/A สำหรับ Field ที่เป็น Numeric (แสดงออกเป็นตัวเลข) ให้ระบุค่าเป็น 0 (ศูนย์)   อักษรย่อ ที่ใช้ในการอธิบายรูปแบบชนิดของข้อมูล    อักษรย่อ คำอธิบาย     n3 ข้อมูลชนิดตัวเลข (Numeric Characters) คงที่ คือ 3 ตัวอักษร   a3 ข้อมูลชนิดตัวอักษร (Alphabetic Characters) คงที่ คือ 3 ตัวอักษร   an3 ข้อมูลชนิดตัวอักษรหรือตัวเลข คงที่ คือ 3 ตัวอักษร   n.</description>
    </item>
    
    <item>
      <title>โครงสร้างข้อมูลใบขนสินค้าขาเข้า</title>
      <link>https://ecs-support.github.io/knowledge-center/customs-clearance/docs/tax-incentive/tax-incentive_guide/data_structure_import/</link>
      <pubDate>Mon, 01 Jan 0001 00:00:00 +0000</pubDate>
      
      <guid>https://ecs-support.github.io/knowledge-center/customs-clearance/docs/tax-incentive/tax-incentive_guide/data_structure_import/</guid>
      <description>โครงสร้างข้อมูลใบขนสินค้าขาเข้าโอนย้ายภายในประเทศ โครงสร้างข้อมูลใบขนสินค้าขาเข้าโอนย้ายภายในประเทศ แบ่งได้เป็น 6 ส่วนดังนี้  Import Declaration Control ประกอบด้วย 73 Fields Import Invoice Control ประกอบด้วย 35 Fields Import Invoice Detail ประกอบด้วย 76 Fields Import Invoice Detail (Duty) ประกอบด้วย 14 Fields Import Invoice Detail (Permit) ประกอบด้วย 3 Fields Import Invoice Detail (Deposit) ประกอบด้วย 2 Fields  เงื่อนไขการบันทึกข้อมูล ในกรณีผู้บันทึกไม่สามารถหาข้อมูลได้  หาก Field ใด กำหนดให้ต้องระบุค่า (Value = M) แต่ผู้บันทึกไม่สามารถหาข้อมูลได้ สำหรับ Field ที่เป็น Alphabet (แสดงออกเป็นตัวอักษร) ให้ระบุค่าเป็น N/A สำหรับ Field ที่เป็น Numeric (แสดงออกเป็นตัวเลข) ให้ระบุค่าเป็น 0 (ศูนย์) หาก Field ใด กำหนดให้ไม่ต้องระบุค่า (Value = O) และผู้บันทึกไม่สามารถหาข้อมูลได้ ก็ไม่ต้องบันทึกค่าใด ๆ หาก Field ใด กำหนดให้ต้องระบุค่า เมื่อเข้าเงื่อนไขที่กำหนด (Value = C) แต่ผู้บันทึกไม่สามารถหาข้อมูลได้ สำหรับ Field ที่เป็น Alphabet (แสดงออกเป็นตัวอักษร) ให้ระบุค่าเป็น N/A สำหรับ Field ที่เป็น Numeric (แสดงออกเป็นตัวเลข) ให้ระบุค่าเป็น 0 (ศูนย์)   อักษรย่อ ที่ใช้ในการอธิบายรูปแบบชนิดของข้อมูล    อักษรย่อ คำอธิบาย     n3 ข้อมูลชนิดตัวเลข (Numeric Characters) คงที่ คือ 3 ตัวอักษร   a3 ข้อมูลชนิดตัวอักษร (Alphabetic Characters) คงที่ คือ 3 ตัวอักษร   an3 ข้อมูลชนิดตัวอักษรหรือตัวเลข คงที่ คือ 3 ตัวอักษร   n.</description>
    </item>
    
    <item>
      <title>ตรวจสอบทะเบียนผู้มาติดต่อ</title>
      <link>https://ecs-support.github.io/knowledge-center/customs-clearance/docs/tax-incentive/tax-incentive_guide/visitor-registration/</link>
      <pubDate>Mon, 01 Jan 0001 00:00:00 +0000</pubDate>
      
      <guid>https://ecs-support.github.io/knowledge-center/customs-clearance/docs/tax-incentive/tax-incentive_guide/visitor-registration/</guid>
      <description>การตรวจสอบข้อมูลใบขนสินค้าขาเข้าและขาออก กับระบบทะเบียนผู้มาติดต่อ  การตรวจสอบลายเซ็นอิเล็กทรอนิกส์ (Digital Signature) มีเงื่อนไขดังนี้
 VAT ID ของ ลายเซ็นอิเล็กทรอนิกส์ ต้องเท่ากับเลขประจำตัวผู้เสียภาษีอากรของผู้นำเข้า/ผู้ส่งออก (Company Tax No) หรือ VAT ID ของ ลายเซ็นอิเล็กทรอนิกส์ ต้องเท่ากับเลขประจำตัวผู้เสียภาษีอากรของตัวแทนออกของ (Broker Tax No) หรือ VAT ID ของ ลายเซ็นอิเล็กทรอนิกส์ ต้องเท่ากับเลขประจำตัวผู้เสียภาษีอากรของตัวแทนออกของรับจ้างช่วง (Sub Broker Tax Number) หรือ VAT ID ของ ลายเซ็นอิเล็กทรอนิกส์ ต้องเท่ากับเลขประจำตัวผู้เสียภาษีอากรของ Company Tax No ของ Registration ID กรณีเป็น Service Counter เท่านั้น   การตรวจสอบความสัมพันธ์ของผู้นำเข้า/ผู้ส่งออกกับตัวแทนออกของ ต้องมีการว่าจ้างระหว่าง ผู้นำเข้า/ส่งออกกับตัวแทนออกของ จะตรวจสอบกับระบบทะเบียน ดังนี้
 ผู้นำเข้า/ผู้ส่งออกต้องว่าจ้างตัวแทนออกของ และ ตัวแทนออกของต้องได้รับจ้างผู้นำเข้า/ผู้ส่งออก  การตรวจสอบความสัมพันธ์ของตัวแทนออกของรับจ้างช่วง กับตัวแทนออกของที่มีความสัมพันธ์กับ ผู้นำเข้า/ผู้ส่งออก จะตรวจสอบกับระบบทะเบียน ดังนี้
 ผู้รับจ้างช่วงต้องได้รับการว่าจ้างจากตัวแทนออกของ และ ตัวแทนออกของต้องได้รับจ้างผู้นำเข้า/ผู้ส่งออก และ ผู้นำเข้า/ผู้ส่งออกต้องว่าจ้างตัวแทนออกของ    สำหรับกรณีผู้นำเข้า/ผู้ส่งออก มีการมอบอำนาจให้ตัวแทนออกของทำการว่าจ้างช่วงได้</description>
    </item>
    
    <item>
      <title>เครื่องหมายและเลขหมายหีบห่อ (Shipping Marks)</title>
      <link>https://ecs-support.github.io/knowledge-center/customs-clearance/docs/tax-incentive/tax-incentive_guide/shipping-marks/</link>
      <pubDate>Mon, 01 Jan 0001 00:00:00 +0000</pubDate>
      
      <guid>https://ecs-support.github.io/knowledge-center/customs-clearance/docs/tax-incentive/tax-incentive_guide/shipping-marks/</guid>
      <description> เครื่องหมายและเลขหมายหีบห่อ (Shipping Marks)  เครื่องหมายและเลขหมายหีบห่อ (Shipping Marks) ต้องสำแดงเครื่องหมายและเลขหมายหีบห่อให้ตรงกับความเป็นจริง ซึ่งจะต้องตรงกับใบตราส่งสินค้า โดยให้สำแดง ดังนี้
 ถ้าเครื่องหมายและเลขหมายหีบห่อเป็นข้อความให้บันทึกเป็นข้อความตามจริง หากเครื่องหมายและเลขหมายหีบห่อมีความยาวเกิน 512 ตัวอักษร ให้บันทึกเพียง 512 ตัวอักษรได้ ถ้าเครื่องหมายและเลขหมายหีบห่อเป็นข้อความที่เป็นภาษาต่างประเทศ ซึ่งไม่สามารถบันทึกข้อความนั้นได้ เช่น ภาษาจีน ให้ระบุคำว่า “PICTURE” ถ้าเครื่องหมายและเลขหมายหีบห่อเป็นรูปภาพให้ระบุคำว่า “PICTURE”   กรณีผ่อนผันไม่ต้องสำแดงเครื่องหมายและเลขหมายหีบห่อ (Shipping Marks) ในการจัดทำข้อมูลใบขนสินค้าขาเข้าให้ระบุคำว่า “NO SHIPPING MARK” แทนได้ สำหรับกรณี ดังต่อไปนี้
 กรณีหีบห่อของใช้ส่วนตัวตาม ประเภทที่ 5 ภาค 4 แห่งพระราชกำหนดพิกัดอัตราศุลกากร พ.ศ. 2530 กรณีหีบห่อของที่ได้รับเอกสิทธิ์ ตามข้อผูกพันที่ประเทศไทยมีต่อองค์การสหประชาชาติตามกฎหมายระหว่างประเทศหรือตามสัญญากับนานาประเทศ ของที่มิได้บรรจุหีบห่อ เช่น รถยนต์ ยางรถยนต์ รางรถไฟ ลวด โลหะเป็นแท่งหรือก้อน กระดาษพิมพ์หนังสือเป็นม้วน กระเบื้อง ของเหลวบรรจุในขวดใหญ่และมีวัตถุถักหุ้มขวด เช่น น้ำกรด ของที่มาเป็นกอง เช่น ถ่านหิน ของที่บรรจุหีบห่อเดียว ของที่บรรจุในหีบห่อที่เป็นมาตรฐานเดียว (Standard Packing) เช่น ลังไม้ หรือลังกระดาษที่มีขนาดกว้างยาวเท่ากัน ของที่บรรจุมีจำนวนเท่ากัน เช่น นมสด สุรา เบียร์ อาหารปนแป้ง วิทยุ ของที่มาเป็นถังเหล็กหรือถังไฟเบอร์ (Drum or Fiber Drum) ที่มีลักษณะขนาด น้ำหนัก และจำนวนของที่บรรจุเท่ากัน เช่น จุกขวด น้ำยาดับกลิ่น น้ำมันเครื่อง สีทา ของที่บรรจุมาในถุงกระดาษหรือกระสอบ ที่มีลักษณะขนาด น้ำหนัก และจำนวนของที่บรรจุเท่ากัน เช่น ปุ๋ย แอมโมเนีย แป้ง ข้าวสาลี หิน กากเพชร น้ำตาล ของที่บรรจุมาในหีบโปร่ง (Crate) เช่น เครื่องยนต์   </description>
    </item>
    
    <item>
      <title>จำนวนและน้ำหนักของสินค้า</title>
      <link>https://ecs-support.github.io/knowledge-center/customs-clearance/docs/tax-incentive/tax-incentive_guide/quantity-and-weight/</link>
      <pubDate>Mon, 01 Jan 0001 00:00:00 +0000</pubDate>
      
      <guid>https://ecs-support.github.io/knowledge-center/customs-clearance/docs/tax-incentive/tax-incentive_guide/quantity-and-weight/</guid>
      <description>จำนวนและน้ำหนักของสินค้า  จำนวนหีบห่อรวม (Total Package Amount) ให้บันทึกค่าลักษณะหีบห่อตามมาตรฐาน หากสินค้ามีหลายลักษณะรวมกัน ให้ระบุจำนวนหีบห่อรวม
 ลักษณะหีบห่อรวม (Total Package Unit Code) ให้บันทึกค่าลักษณะหีบห่อตามมาตรฐาน UNECE Recommendation 21 หากสินค้ามีหลายลักษณะรวมกัน เช่น กล่อง Roll Drum ให้ระบุหน่วยเป็น &amp;ldquo;PK&amp;rdquo;
 น้ำหนักสุทธิรวม (Total Net Weight) ต้องมีค่าเท่ากับน้ำหนักสุทธิ (Net Weight) รวมทุกรายการเท่านั้น
 หน่วยของน้ำหนักสุทธิ (Net Weight Unit Code ตามมาตรฐาน UNECE Recommendation 20 มีค่าได้ดังต่อไปนี้ KGM – Kilogram , TNE – Metric Ton , GRM – Gram , CTM – Carat
 น้ำหนักรวม (Total Gross Weight) ต้องมีค่าเท่ากับหรือมากกว่าน้ำหนักสุทธิรวม (Total Net Weight) เท่านั้น สำหรับทางอากาศใช้น้ำหนักตาม D/O</description>
    </item>
    
    <item>
      <title>ต้องการให้ตรวจสอบข้อมูลใบขนสินค้าขาเข้า</title>
      <link>https://ecs-support.github.io/knowledge-center/customs-clearance/docs/tax-incentive/tax-incentive_guide/assessment-request/</link>
      <pubDate>Mon, 01 Jan 0001 00:00:00 +0000</pubDate>
      
      <guid>https://ecs-support.github.io/knowledge-center/customs-clearance/docs/tax-incentive/tax-incentive_guide/assessment-request/</guid>
      <description>มีปัญหาในเรื่องต่าง ๆ ต้องการให้ตรวจสอบข้อมูลใบขนสินค้าขาเข้า (Assessment Request Code) &amp;ldquo;Assessment Request Code&amp;rdquo; &amp;ldquo;มีปัญหาพิกัด ราคา พบพนักงานศุลกากร ที่ ด่านศุลกากร ที่นำเข้า&amp;rdquo;
 กรณีมีปัญหาและต้องการพบพนักงานศุลกากร ณ คลังสินค้าทัณฑ์บน (Bond Port) เขตปลอดอากร (FreeZone Port) เขตประกอบการเสรี (IEAT Freezone Port)  ในเรื่องปัญหาพิกัดศุลกากร อัตราศุลกากร ราคาศุลกากร ในเรื่องที่ต้องแจ้งความไว้ต่อพนักงานศุลกากรก่อนการส่งมอบว่าจะยื่นคำขอคืนเงินอากร และได้มีการแจ้งเหตุผลไว้ในช่อง หมายเหตุ &amp;ldquo;Remark&amp;rdquo; แล้ว  กรณีของนำเข้าเป็นของที่มีลักษณะ ดังต่อไปนี้  ของนำเข้าตามภาค 4 แห่งพระราชกำหนดพิกัดอัตราศุลกากร ของเก่าใช้แล้ว ของด้อยสภาพ  ในการจัดทำข้อมูลใบขนสินค้าขาเข้าตาม (1) หรือ (2) ให้ระบุค่า &amp;ldquo;Y&amp;rdquo; ในช่อง &amp;ldquo;Assessment Request Code&amp;rdquo; “มีปัญหาพิกัด ราคา พบพนักงานศุลกากร ที่ด่านศุลกากรที่นำเข้า” ระบบคอมพิวเตอร์ของศุลกากรจะสั่งการตรวจใบขนสินค้าขาเข้าเป็น &amp;ldquo;เปิดตรวจ&amp;rdquo; พบพนักงานศุลกากร ณ หน่วยบริการศุลกากรที่นำของเข้า เพื่อยื่นหลักฐานหรือเอกสารมาแสดง หรือร้องขอให้พนักงานศุลกากรพิจารณาดำเนินการใด ๆ</description>
    </item>
    
  </channel>
</rss>